Unit Cell,ID,Stiff material,Infill material,Unit cell width [mm],Unit cell height [mm],Out of plane thickness [mm],Strut thickness [mm],Fillet radius [mm],Interface length [mm],Inner radius [mm]
Chiral,1,PLA,dense elastomer,10.0,10.0,2.5,0.25,0.5,0.25,1.0
Chiral,2,PLA,foamed elastomer,10.0,10.0,2.5,0.25,0.5,0.25,1.0
Chiral,3,PLA,none,10.0,10.0,2.5,0.25,0.5,0.25,1.0
Chiral,4,PLA,dense elastomer,10.0,10.0,2.5,0.25,0.5,0.25,1.5
Chiral,5,PLA,foamed elastomer,10.0,10.0,2.5,0.25,0.5,0.25,1.5
Chiral,6,PLA,none,10.0,10.0,2.5,0.25,0.5,0.25,1.5
Chiral,7,PLA,dense elastomer,10.0,10.0,2.5,0.25,0.5,0.25,2.0
Chiral,8,PLA,foamed elastomer,10.0,10.0,2.5,0.25,0.5,0.25,2.0
Chiral,9,PLA,none,10.0,10.0,2.5,0.25,0.5,0.25,2.0
Chiral,10,PLA,dense elastomer,10.0,10.0,2.5,0.75,0.5,0.75,1.0
Chiral,11,PLA,foamed elastomer,10.0,10.0,2.5,0.75,0.5,0.75,1.0
Chiral,12,PLA,none,10.0,10.0,2.5,0.75,0.5,0.75,1.0
Chiral,13,PLA,dense elastomer,10.0,10.0,2.5,0.75,0.5,0.75,1.5
Chiral,14,PLA,foamed elastomer,10.0,10.0,2.5,0.75,0.5,0.75,1.5
Chiral,15,PLA,none,10.0,10.0,2.5,0.75,0.5,0.75,1.5
Chiral,16,PLA,dense elastomer,10.0,10.0,2.5,0.75,0.5,0.75,2.0
Chiral,17,PLA,foamed elastomer,10.0,10.0,2.5,0.75,0.5,0.75,2.0
Chiral,18,PLA,none,10.0,10.0,2.5,0.75,0.5,0.75,2.0
Chiral,19,PLA,dense elastomer,10.0,10.0,2.5,1.25,0.5,1.25,1.0
Chiral,20,PLA,foamed elastomer,10.0,10.0,2.5,1.25,0.5,1.25,1.0
Chiral,21,PLA,none,10.0,10.0,2.5,1.25,0.5,1.25,1.0
Chiral,22,PLA,dense elastomer,10.0,10.0,2.5,1.25,0.5,1.25,1.5
Chiral,23,PLA,foamed elastomer,10.0,10.0,2.5,1.25,0.5,1.25,1.5
Chiral,24,PLA,none,10.0,10.0,2.5,1.25,0.5,1.25,1.5
Chiral,25,PLA,dense elastomer,10.0,10.0,2.5,1.25,0.5,1.25,2.0
Chiral,26,PLA,foamed elastomer,10.0,10.0,2.5,1.25,0.5,1.25,2.0
Chiral,27,PLA,none,10.0,10.0,2.5,1.25,0.5,1.25,2.0
Chiral,28,PLA,dense elastomer,30.0,10.0,2.5,0.25,0.5,0.25,1.0
Chiral,29,PLA,foamed elastomer,30.0,10.0,2.5,0.25,0.5,0.25,1.0
Chiral,30,PLA,none,30.0,10.0,2.5,0.25,0.5,0.25,1.0
Chiral,31,PLA,dense elastomer,30.0,10.0,2.5,0.25,0.5,0.25,1.5
Chiral,32,PLA,foamed elastomer,30.0,10.0,2.5,0.25,0.5,0.25,1.5
Chiral,33,PLA,none,30.0,10.0,2.5,0.25,0.5,0.25,1.5
Chiral,34,PLA,dense elastomer,30.0,10.0,2.5,0.25,0.5,0.25,2.0
Chiral,35,PLA,foamed elastomer,30.0,10.0,2.5,0.25,0.5,0.25,2.0
Chiral,36,PLA,none,30.0,10.0,2.5,0.25,0.5,0.25,2.0
Chiral,37,PLA,dense elastomer,30.0,10.0,2.5,0.75,0.5,0.75,1.0
Chiral,38,PLA,foamed elastomer,30.0,10.0,2.5,0.75,0.5,0.75,1.0
Chiral,39,PLA,none,30.0,10.0,2.5,0.75,0.5,0.75,1.0
Chiral,40,PLA,dense elastomer,30.0,10.0,2.5,0.75,0.5,0.75,1.5
Chiral,41,PLA,foamed elastomer,30.0,10.0,2.5,0.75,0.5,0.75,1.5
Chiral,42,PLA,none,30.0,10.0,2.5,0.75,0.5,0.75,1.5
Chiral,43,PLA,dense elastomer,30.0,10.0,2.5,0.75,0.5,0.75,2.0
Chiral,44,PLA,foamed elastomer,30.0,10.0,2.5,0.75,0.5,0.75,2.0
Chiral,45,PLA,none,30.0,10.0,2.5,0.75,0.5,0.75,2.0
Chiral,46,PLA,dense elastomer,30.0,10.0,2.5,1.25,0.5,1.25,1.0
Chiral,47,PLA,foamed elastomer,30.0,10.0,2.5,1.25,0.5,1.25,1.0
Chiral,48,PLA,none,30.0,10.0,2.5,1.25,0.5,1.25,1.0
Chiral,49,PLA,dense elastomer,30.0,10.0,2.5,1.25,0.5,1.25,1.5
Chiral,50,PLA,foamed elastomer,30.0,10.0,2.5,1.25,0.5,1.25,1.5
Chiral,51,PLA,none,30.0,10.0,2.5,1.25,0.5,1.25,1.5
Chiral,52,PLA,dense elastomer,30.0,10.0,2.5,1.25,0.5,1.25,2.0
Chiral,53,PLA,foamed elastomer,30.0,10.0,2.5,1.25,0.5,1.25,2.0
Chiral,54,PLA,none,30.0,10.0,2.5,1.25,0.5,1.25,2.0
Chiral,55,PLA,dense elastomer,50.0,10.0,2.5,0.25,0.5,0.25,1.0
Chiral,56,PLA,foamed elastomer,50.0,10.0,2.5,0.25,0.5,0.25,1.0
Chiral,57,PLA,none,50.0,10.0,2.5,0.25,0.5,0.25,1.0
Chiral,58,PLA,dense elastomer,50.0,10.0,2.5,0.25,0.5,0.25,1.5
Chiral,59,PLA,foamed elastomer,50.0,10.0,2.5,0.25,0.5,0.25,1.5
Chiral,60,PLA,none,50.0,10.0,2.5,0.25,0.5,0.25,1.5
Chiral,61,PLA,dense elastomer,50.0,10.0,2.5,0.25,0.5,0.25,2.0
Chiral,62,PLA,foamed elastomer,50.0,10.0,2.5,0.25,0.5,0.25,2.0
Chiral,63,PLA,none,50.0,10.0,2.5,0.25,0.5,0.25,2.0
Chiral,64,PLA,dense elastomer,50.0,10.0,2.5,0.75,0.5,0.75,1.0
Chiral,65,PLA,foamed elastomer,50.0,10.0,2.5,0.75,0.5,0.75,1.0
Chiral,66,PLA,none,50.0,10.0,2.5,0.75,0.5,0.75,1.0
Chiral,67,PLA,dense elastomer,50.0,10.0,2.5,0.75,0.5,0.75,1.5
Chiral,68,PLA,foamed elastomer,50.0,10.0,2.5,0.75,0.5,0.75,1.5
Chiral,69,PLA,none,50.0,10.0,2.5,0.75,0.5,0.75,1.5
Chiral,70,PLA,dense elastomer,50.0,10.0,2.5,0.75,0.5,0.75,2.0
Chiral,71,PLA,foamed elastomer,50.0,10.0,2.5,0.75,0.5,0.75,2.0
Chiral,72,PLA,none,50.0,10.0,2.5,0.75,0.5,0.75,2.0
Chiral,73,PLA,dense elastomer,50.0,10.0,2.5,1.25,0.5,1.25,1.0
Chiral,74,PLA,foamed elastomer,50.0,10.0,2.5,1.25,0.5,1.25,1.0
Chiral,75,PLA,none,50.0,10.0,2.5,1.25,0.5,1.25,1.0
Chiral,76,PLA,dense elastomer,50.0,10.0,2.5,1.25,0.5,1.25,1.5
Chiral,77,PLA,foamed elastomer,50.0,10.0,2.5,1.25,0.5,1.25,1.5
Chiral,78,PLA,none,50.0,10.0,2.5,1.25,0.5,1.25,1.5
Chiral,79,PLA,dense elastomer,50.0,10.0,2.5,1.25,0.5,1.25,2.0
Chiral,80,PLA,foamed elastomer,50.0,10.0,2.5,1.25,0.5,1.25,2.0
Chiral,81,PLA,none,50.0,10.0,2.5,1.25,0.5,1.25,2.0
Chiral,82,PLA,dense elastomer,36.06701162081521,10.0,2.5,0.2513528301632302,0.5,0.2513528301632302,1.4700457679650467
Chiral,83,PLA,foamed elastomer,36.06701162081521,10.0,2.5,0.2513528301632302,0.5,0.2513528301632302,1.4700457679650467
Chiral,84,PLA,none,36.06701162081521,10.0,2.5,0.2513528301632302,0.5,0.2513528301632302,1.4700457679650467
Chiral,85,PLA,dense elastomer,44.18702723709929,10.0,2.5,1.242100868885247,0.5,1.242100868885247,1.062117843534002
Chiral,86,PLA,foamed elastomer,44.18702723709929,10.0,2.5,1.242100868885247,0.5,1.242100868885247,1.062117843534002
Chiral,87,PLA,none,44.18702723709929,10.0,2.5,1.242100868885247,0.5,1.242100868885247,1.062117843534002
Chiral,88,PLA,dense elastomer,20.5935272368433,10.0,2.5,0.30332585451313177,0.5,0.30332585451313177,1.7862293739982809
Chiral,89,PLA,foamed elastomer,20.5935272368433,10.0,2.5,0.30332585451313177,0.5,0.30332585451313177,1.7862293739982809
Chiral,90,PLA,none,20.5935272368433,10.0,2.5,0.30332585451313177,0.5,0.30332585451313177,1.7862293739982809
Chiral,91,PLA,dense elastomer,38.919481392648166,10.0,2.5,1.0206662157614044,0.5,1.0206662157614044,1.1387273481835885
Chiral,92,PLA,foamed elastomer,38.919481392648166,10.0,2.5,1.0206662157614044,0.5,1.0206662157614044,1.1387273481835885
Chiral,93,PLA,none,38.919481392648166,10.0,2.5,1.0206662157614044,0.5,1.0206662157614044,1.1387273481835885
Chiral,94,PLA,dense elastomer,19.589735663552105,10.0,2.5,1.197530417406866,0.5,1.197530417406866,1.1555579611658353
Chiral,95,PLA,foamed elastomer,19.589735663552105,10.0,2.5,1.197530417406866,0.5,1.197530417406866,1.1555579611658353
Chiral,96,PLA,none,19.589735663552105,10.0,2.5,1.197530417406866,0.5,1.197530417406866,1.1555579611658353
Chiral,97,PLA,dense elastomer,31.498498412469374,10.0,2.5,0.5036740484763951,0.5,0.5036740484763951,1.0210054047049648
Chiral,98,PLA,foamed elastomer,31.498498412469374,10.0,2.5,0.5036740484763951,0.5,0.5036740484763951,1.0210054047049648
Chiral,99,PLA,none,31.498498412469374,10.0,2.5,0.5036740484763951,0.5,0.5036740484763951,1.0210054047049648
Chiral,100,PLA,dense elastomer,34.48433583583319,10.0,2.5,0.3123097030863463,0.5,0.3123097030863463,1.3889951823237552
Chiral,101,PLA,foamed elastomer,34.48433583583319,10.0,2.5,0.3123097030863463,0.5,0.3123097030863463,1.3889951823237552
Chiral,102,PLA,none,34.48433583583319,10.0,2.5,0.3123097030863463,0.5,0.3123097030863463,1.3889951823237552
Chiral,103,PLA,dense elastomer,49.44559998664183,10.0,2.5,0.33094221690586173,0.5,0.33094221690586173,1.8937548177493126
Chiral,104,PLA,foamed elastomer,49.44559998664183,10.0,2.5,0.33094221690586173,0.5,0.33094221690586173,1.8937548177493126
Chiral,105,PLA,none,49.44559998664183,10.0,2.5,0.33094221690586173,0.5,0.33094221690586173,1.8937548177493126
Chiral,106,PLA,dense elastomer,44.204303016801234,10.0,2.5,1.2211243466147268,0.5,1.2211243466147268,1.0864074508282193
Chiral,107,PLA,foamed elastomer,44.204303016801234,10.0,2.5,1.2211243466147268,0.5,1.2211243466147268,1.0864074508282193
Chiral,108,PLA,none,44.204303016801234,10.0,2.5,1.2211243466147268,0.5,1.2211243466147268,1.0864074508282193
Chiral,109,PLA,dense elastomer,22.304531858045088,10.0,2.5,0.3599643311670737,0.5,0.3599643311670737,1.8705855990172306
Chiral,110,PLA,foamed elastomer,22.304531858045088,10.0,2.5,0.3599643311670737,0.5,0.3599643311670737,1.8705855990172306
Chiral,111,PLA,none,22.304531858045088,10.0,2.5,0.3599643311670737,0.5,0.3599643311670737,1.8705855990172306
Chiral,112,PLA,dense elastomer,25.573344469063542,10.0,2.5,1.0096006589599837,0.5,1.0096006589599837,1.3092969550603089
Chiral,113,PLA,foamed elastomer,25.573344469063542,10.0,2.5,1.0096006589599837,0.5,1.0096006589599837,1.3092969550603089
Chiral,114,PLA,none,25.573344469063542,10.0,2.5,1.0096006589599837,0.5,1.0096006589599837,1.3092969550603089
Chiral,115,PLA,dense elastomer,49.39703582617722,10.0,2.5,0.8881656174932501,0.5,0.8881656174932501,1.3955609764629984
Chiral,116,PLA,foamed elastomer,49.39703582617722,10.0,2.5,0.8881656174932501,0.5,0.8881656174932501,1.3955609764629984
Chiral,117,PLA,none,49.39703582617722,10.0,2.5,0.8881656174932501,0.5,0.8881656174932501,1.3955609764629984
Chiral,118,PLA,dense elastomer,32.429022449467624,10.0,2.5,1.0758641176909631,0.5,1.0758641176909631,1.6688192389412317
Chiral,119,PLA,foamed elastomer,32.429022449467624,10.0,2.5,1.0758641176909631,0.5,1.0758641176909631,1.6688192389412317
Chiral,120,PLA,none,32.429022449467624,10.0,2.5,1.0758641176909631,0.5,1.0758641176909631,1.6688192389412317
Chiral,121,PLA,dense elastomer,45.36602234973257,10.0,2.5,0.26128807338027543,0.5,0.26128807338027543,1.5193506037319684
Chiral,122,PLA,foamed elastomer,45.36602234973257,10.0,2.5,0.26128807338027543,0.5,0.26128807338027543,1.5193506037319684
Chiral,123,PLA,none,45.36602234973257,10.0,2.5,0.26128807338027543,0.5,0.26128807338027543,1.5193506037319684
Chiral,124,PLA,dense elastomer,32.76195474285534,10.0,2.5,0.29054506128933677,0.5,0.29054506128933677,1.178029162688468
Chiral,125,PLA,foamed elastomer,32.76195474285534,10.0,2.5,0.29054506128933677,0.5,0.29054506128933677,1.178029162688468
Chiral,126,PLA,none,32.76195474285534,10.0,2.5,0.29054506128933677,0.5,0.29054506128933677,1.178029162688468
Chiral,127,PLA,dense elastomer,11.368546351501111,10.0,2.5,1.0302970248662078,0.5,1.0302970248662078,1.546157867177601
Chiral,128,PLA,foamed elastomer,11.368546351501111,10.0,2.5,1.0302970248662078,0.5,1.0302970248662078,1.546157867177601
Chiral,129,PLA,none,11.368546351501111,10.0,2.5,1.0302970248662078,0.5,1.0302970248662078,1.546157867177601
Chiral,130,PLA,dense elastomer,35.70016471231362,10.0,2.5,0.6492406201016014,0.5,0.6492406201016014,1.2088783924959312
Chiral,131,PLA,foamed elastomer,35.70016471231362,10.0,2.5,0.6492406201016014,0.5,0.6492406201016014,1.2088783924959312
Chiral,132,PLA,none,35.70016471231362,10.0,2.5,0.6492406201016014,0.5,0.6492406201016014,1.2088783924959312
Chiral,133,PLA,dense elastomer,27.433338243337158,10.0,2.5,0.7111921107364333,0.5,0.7111921107364333,1.735517595621784
Chiral,134,PLA,foamed elastomer,27.433338243337158,10.0,2.5,0.7111921107364333,0.5,0.7111921107364333,1.735517595621784
Chiral,135,PLA,none,27.433338243337158,10.0,2.5,0.7111921107364333,0.5,0.7111921107364333,1.735517595621784
Chiral,136,PLA,dense elastomer,40.79355392897902,10.0,2.5,0.7928834515184824,0.5,0.7928834515184824,1.7823328390947597
Chiral,137,PLA,foamed elastomer,40.79355392897902,10.0,2.5,0.7928834515184824,0.5,0.7928834515184824,1.7823328390947597
Chiral,138,PLA,none,40.79355392897902,10.0,2.5,0.7928834515184824,0.5,0.7928834515184824,1.7823328390947597
Chiral,139,PLA,dense elastomer,18.449807504872325,10.0,2.5,1.015919680755621,0.5,1.015919680755621,1.222465692838597
Chiral,140,PLA,foamed elastomer,18.449807504872325,10.0,2.5,1.015919680755621,0.5,1.015919680755621,1.222465692838597
Chiral,141,PLA,none,18.449807504872325,10.0,2.5,1.015919680755621,0.5,1.015919680755621,1.222465692838597
Chiral,142,PLA,dense elastomer,23.59468975382981,10.0,2.5,0.44579125984724743,0.5,0.44579125984724743,1.0571154222333166
Chiral,143,PLA,foamed elastomer,23.59468975382981,10.0,2.5,0.44579125984724743,0.5,0.44579125984724743,1.0571154222333166
Chiral,144,PLA,none,23.59468975382981,10.0,2.5,0.44579125984724743,0.5,0.44579125984724743,1.0571154222333166
Chiral,145,PLA,dense elastomer,45.57184727486868,10.0,2.5,0.6850477894432403,0.5,0.6850477894432403,1.2034601590886218
Chiral,146,PLA,foamed elastomer,45.57184727486868,10.0,2.5,0.6850477894432403,0.5,0.6850477894432403,1.2034601590886218
Chiral,147,PLA,none,45.57184727486868,10.0,2.5,0.6850477894432403,0.5,0.6850477894432403,1.2034601590886218
Chiral,148,PLA,dense elastomer,24.747992897553175,10.0,2.5,1.046313306254254,0.5,1.046313306254254,1.2504931137244575
Chiral,149,PLA,foamed elastomer,24.747992897553175,10.0,2.5,1.046313306254254,0.5,1.046313306254254,1.2504931137244575
Chiral,150,PLA,none,24.747992897553175,10.0,2.5,1.046313306254254,0.5,1.046313306254254,1.2504931137244575
Chiral,151,PLA,dense elastomer,30.049841973655308,10.0,2.5,1.2468074799717221,0.5,1.2468074799717221,1.2610211833328173
Chiral,152,PLA,foamed elastomer,30.049841973655308,10.0,2.5,1.2468074799717221,0.5,1.2468074799717221,1.2610211833328173
Chiral,153,PLA,none,30.049841973655308,10.0,2.5,1.2468074799717221,0.5,1.2468074799717221,1.2610211833328173
Chiral,154,PLA,dense elastomer,20.744801593581677,10.0,2.5,0.3968878054647509,0.5,0.3968878054647509,1.4109520833414149
Chiral,155,PLA,foamed elastomer,20.744801593581677,10.0,2.5,0.3968878054647509,0.5,0.3968878054647509,1.4109520833414149
Chiral,156,PLA,none,20.744801593581677,10.0,2.5,0.3968878054647509,0.5,0.3968878054647509,1.4109520833414149
Chiral,157,PLA,dense elastomer,30.89855812942734,10.0,2.5,0.6414314842167004,0.5,0.6414314842167004,1.2847146503530549
Chiral,158,PLA,foamed elastomer,30.89855812942734,10.0,2.5,0.6414314842167004,0.5,0.6414314842167004,1.2847146503530549
Chiral,159,PLA,none,30.89855812942734,10.0,2.5,0.6414314842167004,0.5,0.6414314842167004,1.2847146503530549
Chiral,160,PLA,dense elastomer,23.675338253114653,10.0,2.5,0.8842611791907127,0.5,0.8842611791907127,1.6201855814001065
Chiral,161,PLA,foamed elastomer,23.675338253114653,10.0,2.5,0.8842611791907127,0.5,0.8842611791907127,1.6201855814001065
Chiral,162,PLA,none,23.675338253114653,10.0,2.5,0.8842611791907127,0.5,0.8842611791907127,1.6201855814001065
Chiral,163,PLA,dense elastomer,10.928754548905971,10.0,2.5,0.9685340273947665,0.5,0.9685340273947665,1.6369764667315978
Chiral,164,PLA,foamed elastomer,10.928754548905971,10.0,2.5,0.9685340273947665,0.5,0.9685340273947665,1.6369764667315978
Chiral,165,PLA,none,10.928754548905971,10.0,2.5,0.9685340273947665,0.5,0.9685340273947665,1.6369764667315978
Chiral,166,PLA,dense elastomer,34.71159014899936,10.0,2.5,1.1899808985424085,0.5,1.1899808985424085,1.4376777982858577
Chiral,167,PLA,foamed elastomer,34.71159014899936,10.0,2.5,1.1899808985424085,0.5,1.1899808985424085,1.4376777982858577
Chiral,168,PLA,none,34.71159014899936,10.0,2.5,1.1899808985424085,0.5,1.1899808985424085,1.4376777982858577
Chiral,169,PLA,dense elastomer,21.80354537409727,10.0,2.5,1.2045176686868122,0.5,1.2045176686868122,1.278194123920785
Chiral,170,PLA,foamed elastomer,21.80354537409727,10.0,2.5,1.2045176686868122,0.5,1.2045176686868122,1.278194123920785
Chiral,171,PLA,none,21.80354537409727,10.0,2.5,1.2045176686868122,0.5,1.2045176686868122,1.278194123920785
Chiral,172,PLA,dense elastomer,24.182124811302458,10.0,2.5,0.28759455606436757,0.5,0.28759455606436757,1.705542869761979
Chiral,173,PLA,foamed elastomer,24.182124811302458,10.0,2.5,0.28759455606436757,0.5,0.28759455606436757,1.705542869761979
Chiral,174,PLA,none,24.182124811302458,10.0,2.5,0.28759455606436757,0.5,0.28759455606436757,1.705542869761979
Chiral,175,PLA,dense elastomer,16.99572644316687,10.0,2.5,1.0820152992929772,0.5,1.0820152992929772,1.9107706220499
Chiral,176,PLA,foamed elastomer,16.99572644316687,10.0,2.5,1.0820152992929772,0.5,1.0820152992929772,1.9107706220499
Chiral,177,PLA,none,16.99572644316687,10.0,2.5,1.0820152992929772,0.5,1.0820152992929772,1.9107706220499
Chiral,178,PLA,dense elastomer,29.04281847020397,10.0,2.5,0.8910610736722704,0.5,0.8910610736722704,1.363281450642659
Chiral,179,PLA,foamed elastomer,29.04281847020397,10.0,2.5,0.8910610736722704,0.5,0.8910610736722704,1.363281450642659
Chiral,180,PLA,none,29.04281847020397,10.0,2.5,0.8910610736722704,0.5,0.8910610736722704,1.363281450642659
Chiral,181,PLA,dense elastomer,16.772392272866348,10.0,2.5,0.6016117294237557,0.5,0.6016117294237557,1.769305370395167
Chiral,182,PLA,foamed elastomer,16.772392272866348,10.0,2.5,0.6016117294237557,0.5,0.6016117294237557,1.769305370395167
Chiral,183,PLA,none,16.772392272866348,10.0,2.5,0.6016117294237557,0.5,0.6016117294237557,1.769305370395167
Chiral,184,PLA,dense elastomer,33.53375079903032,10.0,2.5,0.5287535205083317,0.5,0.5287535205083317,1.3168891268446
Chiral,185,PLA,foamed elastomer,33.53375079903032,10.0,2.5,0.5287535205083317,0.5,0.5287535205083317,1.3168891268446
Chiral,186,PLA,none,33.53375079903032,10.0,2.5,0.5287535205083317,0.5,0.5287535205083317,1.3168891268446
Chiral,187,PLA,dense elastomer,18.21983081414182,10.0,2.5,0.7661120199377356,0.5,0.7661120199377356,1.8203706740940826
Chiral,188,PLA,foamed elastomer,18.21983081414182,10.0,2.5,0.7661120199377356,0.5,0.7661120199377356,1.8203706740940826
Chiral,189,PLA,none,18.21983081414182,10.0,2.5,0.7661120199377356,0.5,0.7661120199377356,1.8203706740940826
Chiral,190,PLA,dense elastomer,36.84223727069835,10.0,2.5,0.5985767759597522,0.5,0.5985767759597522,1.036216819454506
Chiral,191,PLA,foamed elastomer,36.84223727069835,10.0,2.5,0.5985767759597522,0.5,0.5985767759597522,1.036216819454506
Chiral,192,PLA,none,36.84223727069835,10.0,2.5,0.5985767759597522,0.5,0.5985767759597522,1.036216819454506
Chiral,193,PLA,dense elastomer,35.381399481533485,10.0,2.5,0.8659479381993214,0.5,0.8659479381993214,1.927206269247075
Chiral,194,PLA,foamed elastomer,35.381399481533485,10.0,2.5,0.8659479381993214,0.5,0.8659479381993214,1.927206269247075
Chiral,195,PLA,none,35.381399481533485,10.0,2.5,0.8659479381993214,0.5,0.8659479381993214,1.927206269247075
Chiral,196,PLA,dense elastomer,39.92143711757508,10.0,2.5,1.0877213829480337,0.5,1.0877213829480337,1.199097193232852
Chiral,197,PLA,foamed elastomer,39.92143711757508,10.0,2.5,1.0877213829480337,0.5,1.0877213829480337,1.199097193232852
Chiral,198,PLA,none,39.92143711757508,10.0,2.5,1.0877213829480337,0.5,1.0877213829480337,1.199097193232852
Chiral,199,PLA,dense elastomer,39.57810811395322,10.0,2.5,0.5332340875865289,0.5,0.5332340875865289,1.510292494839115
Chiral,200,PLA,foamed elastomer,39.57810811395322,10.0,2.5,0.5332340875865289,0.5,0.5332340875865289,1.510292494839115
Chiral,201,PLA,none,39.57810811395322,10.0,2.5,0.5332340875865289,0.5,0.5332340875865289,1.510292494839115
Chiral,202,PLA,dense elastomer,40.03118265381639,10.0,2.5,0.5550353377524301,0.5,0.5550353377524301,1.9861771167507798
Chiral,203,PLA,foamed elastomer,40.03118265381639,10.0,2.5,0.5550353377524301,0.5,0.5550353377524301,1.9861771167507798
Chiral,204,PLA,none,40.03118265381639,10.0,2.5,0.5550353377524301,0.5,0.5550353377524301,1.9861771167507798
Chiral,205,PLA,dense elastomer,17.804366164710906,10.0,2.5,0.5385420884770404,0.5,0.5385420884770404,1.6118051540373695
Chiral,206,PLA,foamed elastomer,17.804366164710906,10.0,2.5,0.5385420884770404,0.5,0.5385420884770404,1.6118051540373695
Chiral,207,PLA,none,17.804366164710906,10.0,2.5,0.5385420884770404,0.5,0.5385420884770404,1.6118051540373695
Chiral,208,PLA,dense elastomer,26.33353515546657,10.0,2.5,0.897227389386632,0.5,0.897227389386632,1.0343216802829094
Chiral,209,PLA,foamed elastomer,26.33353515546657,10.0,2.5,0.897227389386632,0.5,0.897227389386632,1.0343216802829094
Chiral,210,PLA,none,26.33353515546657,10.0,2.5,0.897227389386632,0.5,0.897227389386632,1.0343216802829094
Chiral,211,PLA,dense elastomer,32.060664664734595,10.0,2.5,1.1737601390382337,0.5,1.1737601390382337,1.0993115082819238
Chiral,212,PLA,foamed elastomer,32.060664664734595,10.0,2.5,1.1737601390382337,0.5,1.1737601390382337,1.0993115082819238
Chiral,213,PLA,none,32.060664664734595,10.0,2.5,1.1737601390382337,0.5,1.1737601390382337,1.0993115082819238
Chiral,214,PLA,dense elastomer,42.088513974580486,10.0,2.5,0.4087315545841494,0.5,0.4087315545841494,1.881553054013915
Chiral,215,PLA,foamed elastomer,42.088513974580486,10.0,2.5,0.4087315545841494,0.5,0.4087315545841494,1.881553054013915
Chiral,216,PLA,none,42.088513974580486,10.0,2.5,0.4087315545841494,0.5,0.4087315545841494,1.881553054013915
Chiral,217,PLA,dense elastomer,35.113986516713155,10.0,2.5,0.9408241906184598,0.5,0.9408241906184598,1.7562848956345891
Chiral,218,PLA,foamed elastomer,35.113986516713155,10.0,2.5,0.9408241906184598,0.5,0.9408241906184598,1.7562848956345891
Chiral,219,PLA,none,35.113986516713155,10.0,2.5,0.9408241906184598,0.5,0.9408241906184598,1.7562848956345891
Chiral,220,PLA,dense elastomer,29.94733986545597,10.0,2.5,1.004439692136997,0.5,1.004439692136997,1.7434711705875632
Chiral,221,PLA,foamed elastomer,29.94733986545597,10.0,2.5,1.004439692136997,0.5,1.004439692136997,1.7434711705875632
Chiral,222,PLA,none,29.94733986545597,10.0,2.5,1.004439692136997,0.5,1.004439692136997,1.7434711705875632
Chiral,223,PLA,dense elastomer,19.39020510770493,10.0,2.5,0.4651227922652704,0.5,0.4651227922652704,1.7450873547818615
Chiral,224,PLA,foamed elastomer,19.39020510770493,10.0,2.5,0.4651227922652704,0.5,0.4651227922652704,1.7450873547818615
Chiral,225,PLA,none,19.39020510770493,10.0,2.5,0.4651227922652704,0.5,0.4651227922652704,1.7450873547818615
Chiral,226,PLA,dense elastomer,25.801012589461003,10.0,2.5,0.40222296628511894,0.5,0.40222296628511894,1.615444591074531
Chiral,227,PLA,foamed elastomer,25.801012589461003,10.0,2.5,0.40222296628511894,0.5,0.40222296628511894,1.615444591074531
Chiral,228,PLA,none,25.801012589461003,10.0,2.5,0.40222296628511894,0.5,0.40222296628511894,1.615444591074531
Chiral,229,PLA,dense elastomer,12.878394643970932,10.0,2.5,0.37788582657391456,0.5,0.37788582657391456,1.0836548153792271
Chiral,230,PLA,foamed elastomer,12.878394643970932,10.0,2.5,0.37788582657391456,0.5,0.37788582657391456,1.0836548153792271
Chiral,231,PLA,none,12.878394643970932,10.0,2.5,0.37788582657391456,0.5,0.37788582657391456,1.0836548153792271
Chiral,232,PLA,dense elastomer,40.471402125459576,10.0,2.5,1.2295747844719727,0.5,1.2295747844719727,1.2404824258893659
Chiral,233,PLA,foamed elastomer,40.471402125459576,10.0,2.5,1.2295747844719727,0.5,1.2295747844719727,1.2404824258893659
Chiral,234,PLA,none,40.471402125459576,10.0,2.5,1.2295747844719727,0.5,1.2295747844719727,1.2404824258893659
Chiral,235,PLA,dense elastomer,46.05916792049871,10.0,2.5,0.6280076858121969,0.5,0.6280076858121969,1.465127692455317
Chiral,236,PLA,foamed elastomer,46.05916792049871,10.0,2.5,0.6280076858121969,0.5,0.6280076858121969,1.465127692455317
Chiral,237,PLA,none,46.05916792049871,10.0,2.5,0.6280076858121969,0.5,0.6280076858121969,1.465127692455317
Chiral,238,PLA,dense elastomer,17.156625215066637,10.0,2.5,0.42673886981409626,0.5,0.42673886981409626,1.651941233624754
Chiral,239,PLA,foamed elastomer,17.156625215066637,10.0,2.5,0.42673886981409626,0.5,0.42673886981409626,1.651941233624754
Chiral,240,PLA,none,17.156625215066637,10.0,2.5,0.42673886981409626,0.5,0.42673886981409626,1.651941233624754
Chiral,241,PLA,dense elastomer,31.98672080891857,10.0,2.5,1.2065978666303023,0.5,1.2065978666303023,1.6794953179437377
Chiral,242,PLA,foamed elastomer,31.98672080891857,10.0,2.5,1.2065978666303023,0.5,1.2065978666303023,1.6794953179437377
Chiral,243,PLA,none,31.98672080891857,10.0,2.5,1.2065978666303023,0.5,1.2065978666303023,1.6794953179437377
Chiral,244,PLA,dense elastomer,31.02561106938834,10.0,2.5,1.1095557339080764,0.5,1.1095557339080764,1.236419594584501
Chiral,245,PLA,foamed elastomer,31.02561106938834,10.0,2.5,1.1095557339080764,0.5,1.1095557339080764,1.236419594584501
Chiral,246,PLA,none,31.02561106938834,10.0,2.5,1.1095557339080764,0.5,1.1095557339080764,1.236419594584501
Chiral,247,PLA,dense elastomer,33.630791402184954,10.0,2.5,0.9761468562413689,0.5,0.9761468562413689,1.129963209660472
Chiral,248,PLA,foamed elastomer,33.630791402184954,10.0,2.5,0.9761468562413689,0.5,0.9761468562413689,1.129963209660472
Chiral,249,PLA,none,33.630791402184954,10.0,2.5,0.9761468562413689,0.5,0.9761468562413689,1.129963209660472
Chiral,250,PLA,dense elastomer,36.203798308626794,10.0,2.5,0.6750664082917104,0.5,0.6750664082917104,1.5707094087013442
Chiral,251,PLA,foamed elastomer,36.203798308626794,10.0,2.5,0.6750664082917104,0.5,0.6750664082917104,1.5707094087013442
Chiral,252,PLA,none,36.203798308626794,10.0,2.5,0.6750664082917104,0.5,0.6750664082917104,1.5707094087013442
Chiral,253,PLA,dense elastomer,21.30013610019709,10.0,2.5,0.5439006216792301,0.5,0.5439006216792301,1.6303691145510333
Chiral,254,PLA,foamed elastomer,21.30013610019709,10.0,2.5,0.5439006216792301,0.5,0.5439006216792301,1.6303691145510333
Chiral,255,PLA,none,21.30013610019709,10.0,2.5,0.5439006216792301,0.5,0.5439006216792301,1.6303691145510333
Chiral,256,PLA,dense elastomer,25.339414622492484,10.0,2.5,0.3716043774725483,0.5,0.3716043774725483,1.9676624034648884
Chiral,257,PLA,foamed elastomer,25.339414622492484,10.0,2.5,0.3716043774725483,0.5,0.3716043774725483,1.9676624034648884
Chiral,258,PLA,none,25.339414622492484,10.0,2.5,0.3716043774725483,0.5,0.3716043774725483,1.9676624034648884
Chiral,259,PLA,dense elastomer,27.98424181857642,10.0,2.5,0.4824643450374193,0.5,0.4824643450374193,1.713864111044248
Chiral,260,PLA,foamed elastomer,27.98424181857642,10.0,2.5,0.4824643450374193,0.5,0.4824643450374193,1.713864111044248
Chiral,261,PLA,none,27.98424181857642,10.0,2.5,0.4824643450374193,0.5,0.4824643450374193,1.713864111044248
Chiral,262,PLA,dense elastomer,30.342804726638953,10.0,2.5,0.2808567114957684,0.5,0.2808567114957684,1.3808408060217914
Chiral,263,PLA,foamed elastomer,30.342804726638953,10.0,2.5,0.2808567114957684,0.5,0.2808567114957684,1.3808408060217914
Chiral,264,PLA,none,30.342804726638953,10.0,2.5,0.2808567114957684,0.5,0.2808567114957684,1.3808408060217914
Chiral,265,PLA,dense elastomer,46.26757517432274,10.0,2.5,0.6329425121202248,0.5,0.6329425121202248,1.6709415745220502
Chiral,266,PLA,foamed elastomer,46.26757517432274,10.0,2.5,0.6329425121202248,0.5,0.6329425121202248,1.6709415745220502
Chiral,267,PLA,none,46.26757517432274,10.0,2.5,0.6329425121202248,0.5,0.6329425121202248,1.6709415745220502
Chiral,268,PLA,dense elastomer,48.410769804477944,10.0,2.5,0.3211602246042644,0.5,0.3211602246042644,1.3329696178587858
Chiral,269,PLA,foamed elastomer,48.410769804477944,10.0,2.5,0.3211602246042644,0.5,0.3211602246042644,1.3329696178587858
Chiral,270,PLA,none,48.410769804477944,10.0,2.5,0.3211602246042644,0.5,0.3211602246042644,1.3329696178587858
Chiral,271,PLA,dense elastomer,37.83878766101752,10.0,2.5,0.7588910160349152,0.5,0.7588910160349152,1.5265575663361466
Chiral,272,PLA,foamed elastomer,37.83878766101752,10.0,2.5,0.7588910160349152,0.5,0.7588910160349152,1.5265575663361466
Chiral,273,PLA,none,37.83878766101752,10.0,2.5,0.7588910160349152,0.5,0.7588910160349152,1.5265575663361466
Chiral,274,PLA,dense elastomer,13.45450322103009,10.0,2.5,0.9120628367334532,0.5,0.9120628367334532,1.291184392056361
Chiral,275,PLA,foamed elastomer,13.45450322103009,10.0,2.5,0.9120628367334532,0.5,0.9120628367334532,1.291184392056361
Chiral,276,PLA,none,13.45450322103009,10.0,2.5,0.9120628367334532,0.5,0.9120628367334532,1.291184392056361
Chiral,277,PLA,dense elastomer,46.473595778491244,10.0,2.5,1.1941547183387848,0.5,1.1941547183387848,1.7951785369824333
Chiral,278,PLA,foamed elastomer,46.473595778491244,10.0,2.5,1.1941547183387848,0.5,1.1941547183387848,1.7951785369824333
Chiral,279,PLA,none,46.473595778491244,10.0,2.5,1.1941547183387848,0.5,1.1941547183387848,1.7951785369824333
Chiral,280,PLA,dense elastomer,44.921047626600284,10.0,2.5,1.162108024641253,0.5,1.162108024641253,1.2742321910169592
Chiral,281,PLA,foamed elastomer,44.921047626600284,10.0,2.5,1.162108024641253,0.5,1.162108024641253,1.2742321910169592
Chiral,282,PLA,none,44.921047626600284,10.0,2.5,1.162108024641253,0.5,1.162108024641253,1.2742321910169592
Chiral,283,PLA,dense elastomer,33.29067369416317,10.0,2.5,1.1207469916064023,0.5,1.1207469916064023,1.856637819912843
Chiral,284,PLA,foamed elastomer,33.29067369416317,10.0,2.5,1.1207469916064023,0.5,1.1207469916064023,1.856637819912843
Chiral,285,PLA,none,33.29067369416317,10.0,2.5,1.1207469916064023,0.5,1.1207469916064023,1.856637819912843
Chiral,286,PLA,dense elastomer,45.6969937777354,10.0,2.5,0.8332205181509683,0.5,0.8332205181509683,1.1347934035253773
Chiral,287,PLA,foamed elastomer,45.6969937777354,10.0,2.5,0.8332205181509683,0.5,0.8332205181509683,1.1347934035253773
Chiral,288,PLA,none,45.6969937777354,10.0,2.5,0.8332205181509683,0.5,0.8332205181509683,1.1347934035253773
Chiral,289,PLA,dense elastomer,38.16026693140621,10.0,2.5,0.6218513203744426,0.5,0.6218513203744426,1.921740433935648
Chiral,290,PLA,foamed elastomer,38.16026693140621,10.0,2.5,0.6218513203744426,0.5,0.6218513203744426,1.921740433935648
Chiral,291,PLA,none,38.16026693140621,10.0,2.5,0.6218513203744426,0.5,0.6218513203744426,1.921740433935648
Chiral,292,PLA,dense elastomer,23.205269610884773,10.0,2.5,0.795428266015408,0.5,0.795428266015408,1.0495054371525447
Chiral,293,PLA,foamed elastomer,23.205269610884773,10.0,2.5,0.795428266015408,0.5,0.795428266015408,1.0495054371525447
Chiral,294,PLA,none,23.205269610884773,10.0,2.5,0.795428266015408,0.5,0.795428266015408,1.0495054371525447
Chiral,295,PLA,dense elastomer,47.47077811936113,10.0,2.5,0.9054448368092147,0.5,0.9054448368092147,1.3671941227151032
Chiral,296,PLA,foamed elastomer,47.47077811936113,10.0,2.5,0.9054448368092147,0.5,0.9054448368092147,1.3671941227151032
Chiral,297,PLA,none,47.47077811936113,10.0,2.5,0.9054448368092147,0.5,0.9054448368092147,1.3671941227151032
Chiral,298,PLA,dense elastomer,44.65619808332549,10.0,2.5,0.7152123952916669,0.5,0.7152123952916669,1.6843582039579514
Chiral,299,PLA,foamed elastomer,44.65619808332549,10.0,2.5,0.7152123952916669,0.5,0.7152123952916669,1.6843582039579514
Chiral,300,PLA,none,44.65619808332549,10.0,2.5,0.7152123952916669,0.5,0.7152123952916669,1.6843582039579514
Chiral,301,PLA,dense elastomer,22.107693808610996,10.0,2.5,1.2141575216538547,0.5,1.2141575216538547,1.4539538892112145
Chiral,302,PLA,foamed elastomer,22.107693808610996,10.0,2.5,1.2141575216538547,0.5,1.2141575216538547,1.4539538892112145
Chiral,303,PLA,none,22.107693808610996,10.0,2.5,1.2141575216538547,0.5,1.2141575216538547,1.4539538892112145
Chiral,304,PLA,dense elastomer,18.058548913643495,10.0,2.5,0.6567691232957169,0.5,0.6567691232957169,1.4639009997097387
Chiral,305,PLA,foamed elastomer,18.058548913643495,10.0,2.5,0.6567691232957169,0.5,0.6567691232957169,1.4639009997097387
Chiral,306,PLA,none,18.058548913643495,10.0,2.5,0.6567691232957169,0.5,0.6567691232957169,1.4639009997097387
Chiral,307,PLA,dense elastomer,30.463648198049768,10.0,2.5,1.1168088372309515,0.5,1.1168088372309515,1.2673004149031901
Chiral,308,PLA,foamed elastomer,30.463648198049768,10.0,2.5,1.1168088372309515,0.5,1.1168088372309515,1.2673004149031901
Chiral,309,PLA,none,30.463648198049768,10.0,2.5,1.1168088372309515,0.5,1.1168088372309515,1.2673004149031901
Chiral,310,PLA,dense elastomer,15.203001462540836,10.0,2.5,0.9288307649592129,0.5,0.9288307649592129,1.111345005605058
Chiral,311,PLA,foamed elastomer,15.203001462540836,10.0,2.5,0.9288307649592129,0.5,0.9288307649592129,1.111345005605058
Chiral,312,PLA,none,15.203001462540836,10.0,2.5,0.9288307649592129,0.5,0.9288307649592129,1.111345005605058
Chiral,313,PLA,dense elastomer,40.39598204820824,10.0,2.5,0.8524144336551843,0.5,0.8524144336551843,1.2114210137013355
Chiral,314,PLA,foamed elastomer,40.39598204820824,10.0,2.5,0.8524144336551843,0.5,0.8524144336551843,1.2114210137013355
Chiral,315,PLA,none,40.39598204820824,10.0,2.5,0.8524144336551843,0.5,0.8524144336551843,1.2114210137013355
Chiral,316,PLA,dense elastomer,47.175923932260254,10.0,2.5,1.1359594415108707,0.5,1.1359594415108707,1.8194619947847566
Chiral,317,PLA,foamed elastomer,47.175923932260254,10.0,2.5,1.1359594415108707,0.5,1.1359594415108707,1.8194619947847566
Chiral,318,PLA,none,47.175923932260254,10.0,2.5,1.1359594415108707,0.5,1.1359594415108707,1.8194619947847566
Chiral,319,PLA,dense elastomer,34.10148680954131,10.0,2.5,0.26820331195214836,0.5,0.26820331195214836,1.878503207123525
Chiral,320,PLA,foamed elastomer,34.10148680954131,10.0,2.5,0.26820331195214836,0.5,0.26820331195214836,1.878503207123525
Chiral,321,PLA,none,34.10148680954131,10.0,2.5,0.26820331195214836,0.5,0.26820331195214836,1.878503207123525
Chiral,322,PLA,dense elastomer,11.444363845487512,10.0,2.5,0.49807285427565495,0.5,0.49807285427565495,1.500891628937311
Chiral,323,PLA,foamed elastomer,11.444363845487512,10.0,2.5,0.49807285427565495,0.5,0.49807285427565495,1.500891628937311
Chiral,324,PLA,none,11.444363845487512,10.0,2.5,0.49807285427565495,0.5,0.49807285427565495,1.500891628937311
Chiral,325,PLA,dense elastomer,17.412279377824312,10.0,2.5,0.5506637479274787,0.5,0.5506637479274787,1.4985121986894234
Chiral,326,PLA,foamed elastomer,17.412279377824312,10.0,2.5,0.5506637479274787,0.5,0.5506637479274787,1.4985121986894234
Chiral,327,PLA,none,17.412279377824312,10.0,2.5,0.5506637479274787,0.5,0.5506637479274787,1.4985121986894234
Chiral,328,PLA,dense elastomer,20.12807381368015,10.0,2.5,0.6926277411831476,0.5,0.6926277411831476,1.6853245263557097
Chiral,329,PLA,foamed elastomer,20.12807381368015,10.0,2.5,0.6926277411831476,0.5,0.6926277411831476,1.6853245263557097
Chiral,330,PLA,none,20.12807381368015,10.0,2.5,0.6926277411831476,0.5,0.6926277411831476,1.6853245263557097
Chiral,331,PLA,dense elastomer,27.348204504368006,10.0,2.5,0.5779540967885424,0.5,0.5779540967885424,1.7229372024764311
Chiral,332,PLA,foamed elastomer,27.348204504368006,10.0,2.5,0.5779540967885424,0.5,0.5779540967885424,1.7229372024764311
Chiral,333,PLA,none,27.348204504368006,10.0,2.5,0.5779540967885424,0.5,0.5779540967885424,1.7229372024764311
Chiral,334,PLA,dense elastomer,45.985054829612146,10.0,2.5,1.0141283459093142,0.5,1.0141283459093142,1.352279594419738
Chiral,335,PLA,foamed elastomer,45.985054829612146,10.0,2.5,1.0141283459093142,0.5,1.0141283459093142,1.352279594419738
Chiral,336,PLA,none,45.985054829612146,10.0,2.5,1.0141283459093142,0.5,1.0141283459093142,1.352279594419738
Chiral,337,PLA,dense elastomer,28.176327181794832,10.0,2.5,0.5203882524412531,0.5,0.5203882524412531,1.379287960717742
Chiral,338,PLA,foamed elastomer,28.176327181794832,10.0,2.5,0.5203882524412531,0.5,0.5203882524412531,1.379287960717742
Chiral,339,PLA,none,28.176327181794832,10.0,2.5,0.5203882524412531,0.5,0.5203882524412531,1.379287960717742
Chiral,340,PLA,dense elastomer,38.27468901005031,10.0,2.5,0.6689176145317575,0.5,0.6689176145317575,1.1624025923370533
Chiral,341,PLA,foamed elastomer,38.27468901005031,10.0,2.5,0.6689176145317575,0.5,0.6689176145317575,1.1624025923370533
Chiral,342,PLA,none,38.27468901005031,10.0,2.5,0.6689176145317575,0.5,0.6689176145317575,1.1624025923370533
Chiral,343,PLA,dense elastomer,26.48828542080922,10.0,2.5,0.6990053762633618,0.5,0.6990053762633618,1.5438860803607262
Chiral,344,PLA,foamed elastomer,26.48828542080922,10.0,2.5,0.6990053762633618,0.5,0.6990053762633618,1.5438860803607262
Chiral,345,PLA,none,26.48828542080922,10.0,2.5,0.6990053762633618,0.5,0.6990053762633618,1.5438860803607262
Chiral,346,PLA,dense elastomer,28.52243873684276,10.0,2.5,0.6713491677283443,0.5,0.6713491677283443,1.9500005177894693
Chiral,347,PLA,foamed elastomer,28.52243873684276,10.0,2.5,0.6713491677283443,0.5,0.6713491677283443,1.9500005177894693
Chiral,348,PLA,none,28.52243873684276,10.0,2.5,0.6713491677283443,0.5,0.6713491677283443,1.9500005177894693
Chiral,349,PLA,dense elastomer,13.290044614088607,10.0,2.5,0.45620258499460686,0.5,0.45620258499460686,1.593028387821478
Chiral,350,PLA,foamed elastomer,13.290044614088607,10.0,2.5,0.45620258499460686,0.5,0.45620258499460686,1.593028387821478
Chiral,351,PLA,none,13.290044614088607,10.0,2.5,0.45620258499460686,0.5,0.45620258499460686,1.593028387821478
Chiral,352,PLA,dense elastomer,37.69129057219137,10.0,2.5,0.5931891399121245,0.5,0.5931891399121245,1.4491721615676865
Chiral,353,PLA,foamed elastomer,37.69129057219137,10.0,2.5,0.5931891399121245,0.5,0.5931891399121245,1.4491721615676865
Chiral,354,PLA,none,37.69129057219137,10.0,2.5,0.5931891399121245,0.5,0.5931891399121245,1.4491721615676865
Chiral,355,PLA,dense elastomer,16.2049138625643,10.0,2.5,0.8584118650445918,0.5,0.8584118650445918,1.659176816410233
Chiral,356,PLA,foamed elastomer,16.2049138625643,10.0,2.5,0.8584118650445918,0.5,0.8584118650445918,1.659176816410233
Chiral,357,PLA,none,16.2049138625643,10.0,2.5,0.8584118650445918,0.5,0.8584118650445918,1.659176816410233
Chiral,358,PLA,dense elastomer,39.16245821207649,10.0,2.5,0.4524332517470796,0.5,0.4524332517470796,1.4062237633766235
Chiral,359,PLA,foamed elastomer,39.16245821207649,10.0,2.5,0.4524332517470796,0.5,0.4524332517470796,1.4062237633766235
Chiral,360,PLA,none,39.16245821207649,10.0,2.5,0.4524332517470796,0.5,0.4524332517470796,1.4062237633766235
Chiral,361,PLA,dense elastomer,41.05462289981604,10.0,2.5,0.5831079021536645,0.5,0.5831079021536645,1.0093980202735027
Chiral,362,PLA,foamed elastomer,41.05462289981604,10.0,2.5,0.5831079021536645,0.5,0.5831079021536645,1.0093980202735027
Chiral,363,PLA,none,41.05462289981604,10.0,2.5,0.5831079021536645,0.5,0.5831079021536645,1.0093980202735027
Chiral,364,PLA,dense elastomer,13.96357714266185,10.0,2.5,1.0525920666811377,0.5,1.0525920666811377,1.5602109239293127
Chiral,365,PLA,foamed elastomer,13.96357714266185,10.0,2.5,1.0525920666811377,0.5,1.0525920666811377,1.5602109239293127
Chiral,366,PLA,none,13.96357714266185,10.0,2.5,1.0525920666811377,0.5,1.0525920666811377,1.5602109239293127
Chiral,367,PLA,dense elastomer,39.62481114223014,10.0,2.5,0.7613226060418365,0.5,0.7613226060418365,1.1239037227899875
Chiral,368,PLA,foamed elastomer,39.62481114223014,10.0,2.5,0.7613226060418365,0.5,0.7613226060418365,1.1239037227899875
Chiral,369,PLA,none,39.62481114223014,10.0,2.5,0.7613226060418365,0.5,0.7613226060418365,1.1239037227899875
Chiral,370,PLA,dense elastomer,32.34017820921367,10.0,2.5,0.3828103725184423,0.5,0.3828103725184423,1.4436533803519551
Chiral,371,PLA,foamed elastomer,32.34017820921367,10.0,2.5,0.3828103725184423,0.5,0.3828103725184423,1.4436533803519551
Chiral,372,PLA,none,32.34017820921367,10.0,2.5,0.3828103725184423,0.5,0.3828103725184423,1.4436533803519551
Chiral,373,PLA,dense elastomer,33.92205384262901,10.0,2.5,0.4891567297351911,0.5,0.4891567297351911,1.3402764641492877
Chiral,374,PLA,foamed elastomer,33.92205384262901,10.0,2.5,0.4891567297351911,0.5,0.4891567297351911,1.3402764641492877
Chiral,375,PLA,none,33.92205384262901,10.0,2.5,0.4891567297351911,0.5,0.4891567297351911,1.3402764641492877
Chiral,376,PLA,dense elastomer,34.935785558118226,10.0,2.5,0.9332462295887876,0.5,0.9332462295887876,1.8261750472171618
Chiral,377,PLA,foamed elastomer,34.935785558118226,10.0,2.5,0.9332462295887876,0.5,0.9332462295887876,1.8261750472171618
Chiral,378,PLA,none,34.935785558118226,10.0,2.5,0.9332462295887876,0.5,0.9332462295887876,1.8261750472171618
Chiral,379,PLA,dense elastomer,12.390893835870886,10.0,2.5,0.7323653324975645,0.5,0.7323653324975645,1.9325763094880721
Chiral,380,PLA,foamed elastomer,12.390893835870886,10.0,2.5,0.7323653324975645,0.5,0.7323653324975645,1.9325763094880721
Chiral,381,PLA,none,12.390893835870886,10.0,2.5,0.7323653324975645,0.5,0.7323653324975645,1.9325763094880721
Chiral,382,PLA,dense elastomer,26.842833336612422,10.0,2.5,0.39007669195662353,0.5,0.39007669195662353,1.8449484688423738
Chiral,383,PLA,foamed elastomer,26.842833336612422,10.0,2.5,0.39007669195662353,0.5,0.39007669195662353,1.8449484688423738
Chiral,384,PLA,none,26.842833336612422,10.0,2.5,0.39007669195662353,0.5,0.39007669195662353,1.8449484688423738
Chiral,385,PLA,dense elastomer,25.127264831266707,10.0,2.5,1.0427414343329406,0.5,1.0427414343329406,1.4275811518433255
Chiral,386,PLA,foamed elastomer,25.127264831266707,10.0,2.5,1.0427414343329406,0.5,1.0427414343329406,1.4275811518433255
Chiral,387,PLA,none,25.127264831266707,10.0,2.5,1.0427414343329406,0.5,1.0427414343329406,1.4275811518433255
Chiral,388,PLA,dense elastomer,12.07397183663591,10.0,2.5,1.1337894916128841,0.5,1.1337894916128841,1.4243703394649165
Chiral,389,PLA,foamed elastomer,12.07397183663591,10.0,2.5,1.1337894916128841,0.5,1.1337894916128841,1.4243703394649165
Chiral,390,PLA,none,12.07397183663591,10.0,2.5,1.1337894916128841,0.5,1.1337894916128841,1.4243703394649165
Chiral,391,PLA,dense elastomer,39.22372118851975,10.0,2.5,0.7849642279930324,0.5,0.7849642279930324,1.3925441256050652
Chiral,392,PLA,foamed elastomer,39.22372118851975,10.0,2.5,0.7849642279930324,0.5,0.7849642279930324,1.3925441256050652
Chiral,393,PLA,none,39.22372118851975,10.0,2.5,0.7849642279930324,0.5,0.7849642279930324,1.3925441256050652
Chiral,394,PLA,dense elastomer,32.936707762974706,10.0,2.5,1.1460380117745816,0.5,1.1460380117745816,1.837152604606709
Chiral,395,PLA,foamed elastomer,32.936707762974706,10.0,2.5,1.1460380117745816,0.5,1.1460380117745816,1.837152604606709
Chiral,396,PLA,none,32.936707762974706,10.0,2.5,1.1460380117745816,0.5,1.1460380117745816,1.837152604606709
Chiral,397,PLA,dense elastomer,43.05983031987936,10.0,2.5,0.34228335289601386,0.5,0.34228335289601386,1.8620145279306641
Chiral,398,PLA,foamed elastomer,43.05983031987936,10.0,2.5,0.34228335289601386,0.5,0.34228335289601386,1.8620145279306641
Chiral,399,PLA,none,43.05983031987936,10.0,2.5,0.34228335289601386,0.5,0.34228335289601386,1.8620145279306641
Chiral,400,PLA,dense elastomer,10.79898617367376,10.0,2.5,0.7094879419843223,0.5,0.7094879419843223,1.148035062276517
Chiral,401,PLA,foamed elastomer,10.79898617367376,10.0,2.5,0.7094879419843223,0.5,0.7094879419843223,1.148035062276517
Chiral,402,PLA,none,10.79898617367376,10.0,2.5,0.7094879419843223,0.5,0.7094879419843223,1.148035062276517
Chiral,403,PLA,dense elastomer,29.400976127793403,10.0,2.5,0.945212506200756,0.5,0.945212506200756,1.4592640443644156
Chiral,404,PLA,foamed elastomer,29.400976127793403,10.0,2.5,0.945212506200756,0.5,0.945212506200756,1.4592640443644156
Chiral,405,PLA,none,29.400976127793403,10.0,2.5,0.945212506200756,0.5,0.945212506200756,1.4592640443644156
Chiral,406,PLA,dense elastomer,35.97593828185083,10.0,2.5,0.44234276970136716,0.5,0.44234276970136716,1.585432412930158
Chiral,407,PLA,foamed elastomer,35.97593828185083,10.0,2.5,0.44234276970136716,0.5,0.44234276970136716,1.585432412930158
Chiral,408,PLA,none,35.97593828185083,10.0,2.5,0.44234276970136716,0.5,0.44234276970136716,1.585432412930158
Chiral,409,PLA,dense elastomer,14.117180066963158,10.0,2.5,0.3894125632090423,0.5,0.3894125632090423,1.3033955232877914
Chiral,410,PLA,foamed elastomer,14.117180066963158,10.0,2.5,0.3894125632090423,0.5,0.3894125632090423,1.3033955232877914
Chiral,411,PLA,none,14.117180066963158,10.0,2.5,0.3894125632090423,0.5,0.3894125632090423,1.3033955232877914
Chiral,412,PLA,dense elastomer,10.223254472643536,10.0,2.5,0.8399536577262359,0.5,0.8399536577262359,1.2952943882746975
Chiral,413,PLA,foamed elastomer,10.223254472643536,10.0,2.5,0.8399536577262359,0.5,0.8399536577262359,1.2952943882746975
Chiral,414,PLA,none,10.223254472643536,10.0,2.5,0.8399536577262359,0.5,0.8399536577262359,1.2952943882746975
Chiral,415,PLA,dense elastomer,45.18019241704319,10.0,2.5,0.9942494889717637,0.5,0.9942494889717637,1.312744834428952
Chiral,416,PLA,foamed elastomer,45.18019241704319,10.0,2.5,0.9942494889717637,0.5,0.9942494889717637,1.312744834428952
Chiral,417,PLA,none,45.18019241704319,10.0,2.5,0.9942494889717637,0.5,0.9942494889717637,1.312744834428952
Chiral,418,PLA,dense elastomer,47.930957130033704,10.0,2.5,0.41692669995162274,0.5,0.41692669995162274,1.1829876390326468
Chiral,419,PLA,foamed elastomer,47.930957130033704,10.0,2.5,0.41692669995162274,0.5,0.41692669995162274,1.1829876390326468
Chiral,420,PLA,none,47.930957130033704,10.0,2.5,0.41692669995162274,0.5,0.41692669995162274,1.1829876390326468
Chiral,421,PLA,dense elastomer,37.23071966424322,10.0,2.5,0.8193900297684736,0.5,0.8193900297684736,1.4834167591761394
Chiral,422,PLA,foamed elastomer,37.23071966424322,10.0,2.5,0.8193900297684736,0.5,0.8193900297684736,1.4834167591761394
Chiral,423,PLA,none,37.23071966424322,10.0,2.5,0.8193900297684736,0.5,0.8193900297684736,1.4834167591761394
Chiral,424,PLA,dense elastomer,43.458312123976285,10.0,2.5,1.0901830534973433,0.5,1.0901830534973433,1.370729622422603
Chiral,425,PLA,foamed elastomer,43.458312123976285,10.0,2.5,1.0901830534973433,0.5,1.0901830534973433,1.370729622422603
Chiral,426,PLA,none,43.458312123976285,10.0,2.5,1.0901830534973433,0.5,1.0901830534973433,1.370729622422603
Chiral,427,PLA,dense elastomer,42.82949372909573,10.0,2.5,0.8073640702781165,0.5,0.8073640702781165,1.0134173103540125
Chiral,428,PLA,foamed elastomer,42.82949372909573,10.0,2.5,0.8073640702781165,0.5,0.8073640702781165,1.0134173103540125
Chiral,429,PLA,none,42.82949372909573,10.0,2.5,0.8073640702781165,0.5,0.8073640702781165,1.0134173103540125
Chiral,430,PLA,dense elastomer,22.71214835560623,10.0,2.5,0.8273450967427576,0.5,0.8273450967427576,1.8689546223006839
Chiral,431,PLA,foamed elastomer,22.71214835560623,10.0,2.5,0.8273450967427576,0.5,0.8273450967427576,1.8689546223006839
Chiral,432,PLA,none,22.71214835560623,10.0,2.5,0.8273450967427576,0.5,0.8273450967427576,1.8689546223006839
Chiral,433,PLA,dense elastomer,17.327095407194378,10.0,2.5,0.8247573254157498,0.5,0.8247573254157498,1.530690504282524
Chiral,434,PLA,foamed elastomer,17.327095407194378,10.0,2.5,0.8247573254157498,0.5,0.8247573254157498,1.530690504282524
Chiral,435,PLA,none,17.327095407194378,10.0,2.5,0.8247573254157498,0.5,0.8247573254157498,1.530690504282524
Chiral,436,PLA,dense elastomer,43.37738352165875,10.0,2.5,0.6152499275523837,0.5,0.6152499275523837,1.1049595970153117
Chiral,437,PLA,foamed elastomer,43.37738352165875,10.0,2.5,0.6152499275523837,0.5,0.6152499275523837,1.1049595970153117
Chiral,438,PLA,none,43.37738352165875,10.0,2.5,0.6152499275523837,0.5,0.6152499275523837,1.1049595970153117
Chiral,439,PLA,dense elastomer,36.436097947424635,10.0,2.5,0.4200489730557072,0.5,0.4200489730557072,1.1508124019933774
Chiral,440,PLA,foamed elastomer,36.436097947424635,10.0,2.5,0.4200489730557072,0.5,0.4200489730557072,1.1508124019933774
Chiral,441,PLA,none,36.436097947424635,10.0,2.5,0.4200489730557072,0.5,0.4200489730557072,1.1508124019933774
Chiral,442,PLA,dense elastomer,13.60981528412956,10.0,2.5,0.5151525034413287,0.5,0.5151525034413287,1.4799026932515047
Chiral,443,PLA,foamed elastomer,13.60981528412956,10.0,2.5,0.5151525034413287,0.5,0.5151525034413287,1.4799026932515047
Chiral,444,PLA,none,13.60981528412956,10.0,2.5,0.5151525034413287,0.5,0.5151525034413287,1.4799026932515047
Chiral,445,PLA,dense elastomer,28.786119257500967,10.0,2.5,0.5687876033555361,0.5,0.5687876033555361,1.946227858389074
Chiral,446,PLA,foamed elastomer,28.786119257500967,10.0,2.5,0.5687876033555361,0.5,0.5687876033555361,1.946227858389074
Chiral,447,PLA,none,28.786119257500967,10.0,2.5,0.5687876033555361,0.5,0.5687876033555361,1.946227858389074
Chiral,448,PLA,dense elastomer,11.9264186265703,10.0,2.5,0.32701413071610297,0.5,0.32701413071610297,1.1183807176353548
Chiral,449,PLA,foamed elastomer,11.9264186265703,10.0,2.5,0.32701413071610297,0.5,0.32701413071610297,1.1183807176353548
Chiral,450,PLA,none,11.9264186265703,10.0,2.5,0.32701413071610297,0.5,0.32701413071610297,1.1183807176353548
Chiral,451,PLA,dense elastomer,14.481836556675194,10.0,2.5,1.0724802902568233,0.5,1.0724802902568233,1.9819279854301532
Chiral,452,PLA,foamed elastomer,14.481836556675194,10.0,2.5,1.0724802902568233,0.5,1.0724802902568233,1.9819279854301532
Chiral,453,PLA,none,14.481836556675194,10.0,2.5,1.0724802902568233,0.5,1.0724802902568233,1.9819279854301532
Chiral,454,PLA,dense elastomer,15.179745180693056,10.0,2.5,0.36409839309904296,0.5,0.36409839309904296,1.810799495819016
Chiral,455,PLA,foamed elastomer,15.179745180693056,10.0,2.5,0.36409839309904296,0.5,0.36409839309904296,1.810799495819016
Chiral,456,PLA,none,15.179745180693056,10.0,2.5,0.36409839309904296,0.5,0.36409839309904296,1.810799495819016
Chiral,457,PLA,dense elastomer,42.56726848358723,10.0,2.5,0.7475781372495416,0.5,0.7475781372495416,1.6476513935062032
Chiral,458,PLA,foamed elastomer,42.56726848358723,10.0,2.5,0.7475781372495416,0.5,0.7475781372495416,1.6476513935062032
Chiral,459,PLA,none,42.56726848358723,10.0,2.5,0.7475781372495416,0.5,0.7475781372495416,1.6476513935062032
Chiral,460,PLA,dense elastomer,19.003810473439152,10.0,2.5,0.41494052894913047,0.5,0.41494052894913047,1.8953681759750152
Chiral,461,PLA,foamed elastomer,19.003810473439152,10.0,2.5,0.41494052894913047,0.5,0.41494052894913047,1.8953681759750152
Chiral,462,PLA,none,19.003810473439152,10.0,2.5,0.41494052894913047,0.5,0.41494052894913047,1.8953681759750152
Chiral,463,PLA,dense elastomer,38.68999149831921,10.0,2.5,1.1027193250524072,0.5,1.1027193250524072,1.9967833566527249
Chiral,464,PLA,foamed elastomer,38.68999149831921,10.0,2.5,1.1027193250524072,0.5,1.1027193250524072,1.9967833566527249
Chiral,465,PLA,none,38.68999149831921,10.0,2.5,1.1027193250524072,0.5,1.1027193250524072,1.9967833566527249
Chiral,466,PLA,dense elastomer,31.656011051526406,10.0,2.5,1.1827319828746627,0.5,1.1827319828746627,1.5754500460471936
Chiral,467,PLA,foamed elastomer,31.656011051526406,10.0,2.5,1.1827319828746627,0.5,1.1827319828746627,1.5754500460471936
Chiral,468,PLA,none,31.656011051526406,10.0,2.5,1.1827319828746627,0.5,1.1827319828746627,1.5754500460471936
Chiral,469,PLA,dense elastomer,13.004490739778262,10.0,2.5,1.1666456372156344,0.5,1.1666456372156344,1.5376450138559383
Chiral,470,PLA,foamed elastomer,13.004490739778262,10.0,2.5,1.1666456372156344,0.5,1.1666456372156344,1.5376450138559383
Chiral,471,PLA,none,13.004490739778262,10.0,2.5,1.1666456372156344,0.5,1.1666456372156344,1.5376450138559383
Chiral,472,PLA,dense elastomer,48.88349162114569,10.0,2.5,1.1784849426601367,0.5,1.1784849426601367,1.0046212033522433
Chiral,473,PLA,foamed elastomer,48.88349162114569,10.0,2.5,1.1784849426601367,0.5,1.1784849426601367,1.0046212033522433
Chiral,474,PLA,none,48.88349162114569,10.0,2.5,1.1784849426601367,0.5,1.1784849426601367,1.0046212033522433
Chiral,475,PLA,dense elastomer,21.618633945460278,10.0,2.5,1.157961798763292,0.5,1.157961798763292,1.2493017283288697
Chiral,476,PLA,foamed elastomer,21.618633945460278,10.0,2.5,1.157961798763292,0.5,1.157961798763292,1.2493017283288697
Chiral,477,PLA,none,21.618633945460278,10.0,2.5,1.157961798763292,0.5,1.157961798763292,1.2493017283288697
Chiral,478,PLA,dense elastomer,46.93188936075919,10.0,2.5,0.43777345092348874,0.5,0.43777345092348874,1.3596840014142986
Chiral,479,PLA,foamed elastomer,46.93188936075919,10.0,2.5,0.43777345092348874,0.5,0.43777345092348874,1.3596840014142986
Chiral,480,PLA,none,46.93188936075919,10.0,2.5,0.43777345092348874,0.5,0.43777345092348874,1.3596840014142986
Chiral,481,PLA,dense elastomer,27.1956861863697,10.0,2.5,0.8449379361658107,0.5,0.8449379361658107,1.2263736054531171
Chiral,482,PLA,foamed elastomer,27.1956861863697,10.0,2.5,0.8449379361658107,0.5,0.8449379361658107,1.2263736054531171
Chiral,483,PLA,none,27.1956861863697,10.0,2.5,0.8449379361658107,0.5,0.8449379361658107,1.2263736054531171
Chiral,484,PLA,dense elastomer,18.913748795606814,10.0,2.5,0.9049782621081415,0.5,0.9049782621081415,1.0173583152086376
Chiral,485,PLA,foamed elastomer,18.913748795606814,10.0,2.5,0.9049782621081415,0.5,0.9049782621081415,1.0173583152086376
Chiral,486,PLA,none,18.913748795606814,10.0,2.5,0.9049782621081415,0.5,0.9049782621081415,1.0173583152086376
Chiral,487,PLA,dense elastomer,15.425057877869207,10.0,2.5,0.6815549467312454,0.5,0.6815549467312454,1.5056202603247495
Chiral,488,PLA,foamed elastomer,15.425057877869207,10.0,2.5,0.6815549467312454,0.5,0.6815549467312454,1.5056202603247495
Chiral,489,PLA,none,15.425057877869207,10.0,2.5,0.6815549467312454,0.5,0.6815549467312454,1.5056202603247495
Chiral,490,PLA,dense elastomer,43.7017790452247,10.0,2.5,0.9624699005124948,0.5,0.9624699005124948,1.691166881574902
Chiral,491,PLA,foamed elastomer,43.7017790452247,10.0,2.5,0.9624699005124948,0.5,0.9624699005124948,1.691166881574902
Chiral,492,PLA,none,43.7017790452247,10.0,2.5,0.9624699005124948,0.5,0.9624699005124948,1.691166881574902
Chiral,493,PLA,dense elastomer,27.628160868518442,10.0,2.5,0.663985417987107,0.5,0.663985417987107,1.1746886441258404
Chiral,494,PLA,foamed elastomer,27.628160868518442,10.0,2.5,0.663985417987107,0.5,0.663985417987107,1.1746886441258404
Chiral,495,PLA,none,27.628160868518442,10.0,2.5,0.663985417987107,0.5,0.663985417987107,1.1746886441258404
Chiral,496,PLA,dense elastomer,16.42473164615383,10.0,2.5,0.25667875551364255,0.5,0.25667875551364255,1.7251684809628542
Chiral,497,PLA,foamed elastomer,16.42473164615383,10.0,2.5,0.25667875551364255,0.5,0.25667875551364255,1.7251684809628542
Chiral,498,PLA,none,16.42473164615383,10.0,2.5,0.25667875551364255,0.5,0.25667875551364255,1.7251684809628542
Chiral,499,PLA,dense elastomer,47.28863012947441,10.0,2.5,0.6118667452967248,0.5,0.6118667452967248,1.4915218658413805
Chiral,500,PLA,foamed elastomer,47.28863012947441,10.0,2.5,0.6118667452967248,0.5,0.6118667452967248,1.4915218658413805
Chiral,501,PLA,none,47.28863012947441,10.0,2.5,0.6118667452967248,0.5,0.6118667452967248,1.4915218658413805
Chiral,502,PLA,dense elastomer,35.408571296080964,10.0,2.5,0.775821930183398,0.5,0.775821930183398,1.771121500642073
Chiral,503,PLA,foamed elastomer,35.408571296080964,10.0,2.5,0.775821930183398,0.5,0.775821930183398,1.771121500642073
Chiral,504,PLA,none,35.408571296080964,10.0,2.5,0.775821930183398,0.5,0.775821930183398,1.771121500642073
Chiral,505,PLA,dense elastomer,14.26864538677742,10.0,2.5,0.3685118815284943,0.5,0.3685118815284943,1.4312876664316323
Chiral,506,PLA,foamed elastomer,14.26864538677742,10.0,2.5,0.3685118815284943,0.5,0.3685118815284943,1.4312876664316323
Chiral,507,PLA,none,14.26864538677742,10.0,2.5,0.3685118815284943,0.5,0.3685118815284943,1.4312876664316323
Chiral,508,PLA,dense elastomer,18.653263621307715,10.0,2.5,0.7535505932333325,0.5,0.7535505932333325,1.0524092168918504
Chiral,509,PLA,foamed elastomer,18.653263621307715,10.0,2.5,0.7535505932333325,0.5,0.7535505932333325,1.0524092168918504
Chiral,510,PLA,none,18.653263621307715,10.0,2.5,0.7535505932333325,0.5,0.7535505932333325,1.0524092168918504
Chiral,511,PLA,dense elastomer,37.05533253837236,10.0,2.5,0.8605626477580683,0.5,0.8605626477580683,1.718924078938363
Chiral,512,PLA,foamed elastomer,37.05533253837236,10.0,2.5,0.8605626477580683,0.5,0.8605626477580683,1.718924078938363
Chiral,513,PLA,none,37.05533253837236,10.0,2.5,0.8605626477580683,0.5,0.8605626477580683,1.718924078938363
Chiral,514,PLA,dense elastomer,40.90436798770758,10.0,2.5,0.9834417969329554,0.5,0.9834417969329554,1.5664787224299657
Chiral,515,PLA,foamed elastomer,40.90436798770758,10.0,2.5,0.9834417969329554,0.5,0.9834417969329554,1.5664787224299657
Chiral,516,PLA,none,40.90436798770758,10.0,2.5,0.9834417969329554,0.5,0.9834417969329554,1.5664787224299657
Chiral,517,PLA,dense elastomer,29.796717975502542,10.0,2.5,1.235716684818209,0.5,1.235716684818209,1.629185419079603
Chiral,518,PLA,foamed elastomer,29.796717975502542,10.0,2.5,1.235716684818209,0.5,1.235716684818209,1.629185419079603
Chiral,519,PLA,none,29.796717975502542,10.0,2.5,1.235716684818209,0.5,1.235716684818209,1.629185419079603
Chiral,520,PLA,dense elastomer,36.69129966285524,10.0,2.5,1.217724202095689,0.5,1.217724202095689,1.8097262761563135
Chiral,521,PLA,foamed elastomer,36.69129966285524,10.0,2.5,1.217724202095689,0.5,1.217724202095689,1.8097262761563135
Chiral,522,PLA,none,36.69129966285524,10.0,2.5,1.217724202095689,0.5,1.217724202095689,1.8097262761563135
Chiral,523,PLA,dense elastomer,17.757235151880167,10.0,2.5,0.27361965363503193,0.5,0.27361965363503193,1.6011330536739188
Chiral,524,PLA,foamed elastomer,17.757235151880167,10.0,2.5,0.27361965363503193,0.5,0.27361965363503193,1.6011330536739188
Chiral,525,PLA,none,17.757235151880167,10.0,2.5,0.27361965363503193,0.5,0.27361965363503193,1.6011330536739188
Chiral,526,PLA,dense elastomer,47.64012462709565,10.0,2.5,1.125966535696423,0.5,1.125966535696423,1.8516518791527563
Chiral,527,PLA,foamed elastomer,47.64012462709565,10.0,2.5,1.125966535696423,0.5,1.125966535696423,1.8516518791527563
Chiral,528,PLA,none,47.64012462709565,10.0,2.5,1.125966535696423,0.5,1.125966535696423,1.8516518791527563
Chiral,529,PLA,dense elastomer,49.6696568354472,10.0,2.5,0.589437233047705,0.5,0.589437233047705,1.0730293228542476
Chiral,530,PLA,foamed elastomer,49.6696568354472,10.0,2.5,0.589437233047705,0.5,0.589437233047705,1.0730293228542476
Chiral,531,PLA,none,49.6696568354472,10.0,2.5,0.589437233047705,0.5,0.589437233047705,1.0730293228542476
Chiral,532,PLA,dense elastomer,16.165677798586813,10.0,2.5,0.4714306312611126,0.5,0.4714306312611126,1.79265936179617
Chiral,533,PLA,foamed elastomer,16.165677798586813,10.0,2.5,0.4714306312611126,0.5,0.4714306312611126,1.79265936179617
Chiral,534,PLA,none,16.165677798586813,10.0,2.5,0.4714306312611126,0.5,0.4714306312611126,1.79265936179617
Chiral,535,PLA,dense elastomer,34.38829649350889,10.0,2.5,1.0968059591818475,0.5,1.0968059591818475,1.1658610801908302
Chiral,536,PLA,foamed elastomer,34.38829649350889,10.0,2.5,1.0968059591818475,0.5,1.0968059591818475,1.1658610801908302
Chiral,537,PLA,none,34.38829649350889,10.0,2.5,1.0968059591818475,0.5,1.0968059591818475,1.1658610801908302
Chiral,538,PLA,dense elastomer,41.780188624911055,10.0,2.5,0.7292655477977682,0.5,0.7292655477977682,1.9430643599490172
Chiral,539,PLA,foamed elastomer,41.780188624911055,10.0,2.5,0.7292655477977682,0.5,0.7292655477977682,1.9430643599490172
Chiral,540,PLA,none,41.780188624911055,10.0,2.5,0.7292655477977682,0.5,0.7292655477977682,1.9430643599490172
Chiral,541,PLA,dense elastomer,24.81300745494014,10.0,2.5,0.609069279270444,0.5,0.609069279270444,1.2192398382482441
Chiral,542,PLA,foamed elastomer,24.81300745494014,10.0,2.5,0.609069279270444,0.5,0.609069279270444,1.2192398382482441
Chiral,543,PLA,none,24.81300745494014,10.0,2.5,0.609069279270444,0.5,0.609069279270444,1.2192398382482441
Chiral,544,PLA,dense elastomer,26.650261331962376,10.0,2.5,1.144011480627547,0.5,1.144011480627547,1.9170122352149206
Chiral,545,PLA,foamed elastomer,26.650261331962376,10.0,2.5,1.144011480627547,0.5,1.144011480627547,1.9170122352149206
Chiral,546,PLA,none,26.650261331962376,10.0,2.5,1.144011480627547,0.5,1.144011480627547,1.9170122352149206
Chiral,547,PLA,dense elastomer,10.525224466024662,10.0,2.5,0.9728715719642858,0.5,0.9728715719642858,1.1074581795037886
Chiral,548,PLA,foamed elastomer,10.525224466024662,10.0,2.5,0.9728715719642858,0.5,0.9728715719642858,1.1074581795037886
Chiral,549,PLA,none,10.525224466024662,10.0,2.5,0.9728715719642858,0.5,0.9728715719642858,1.1074581795037886
Chiral,550,PLA,dense elastomer,25.63853037194315,10.0,2.5,0.4340158851154588,0.5,0.4340158851154588,1.9931819230890255
Chiral,551,PLA,foamed elastomer,25.63853037194315,10.0,2.5,0.4340158851154588,0.5,0.4340158851154588,1.9931819230890255
Chiral,552,PLA,none,25.63853037194315,10.0,2.5,0.4340158851154588,0.5,0.4340158851154588,1.9931819230890255
Chiral,553,PLA,dense elastomer,48.17093992725296,10.0,2.5,0.9503927331475581,0.5,0.9503927331475581,1.5563169722541235
Chiral,554,PLA,foamed elastomer,48.17093992725296,10.0,2.5,0.9503927331475581,0.5,0.9503927331475581,1.5563169722541235
Chiral,555,PLA,none,48.17093992725296,10.0,2.5,0.9503927331475581,0.5,0.9503927331475581,1.5563169722541235
Chiral,556,PLA,dense elastomer,23.17953199905949,10.0,2.5,0.7863230320960662,0.5,0.7863230320960662,1.702770411095993
Chiral,557,PLA,foamed elastomer,23.17953199905949,10.0,2.5,0.7863230320960662,0.5,0.7863230320960662,1.702770411095993
Chiral,558,PLA,none,23.17953199905949,10.0,2.5,0.7863230320960662,0.5,0.7863230320960662,1.702770411095993
Chiral,559,PLA,dense elastomer,48.644006872574735,10.0,2.5,0.9191031274913366,0.5,0.9191031274913366,1.9588685452833934
Chiral,560,PLA,foamed elastomer,48.644006872574735,10.0,2.5,0.9191031274913366,0.5,0.9191031274913366,1.9588685452833934
Chiral,561,PLA,none,48.644006872574735,10.0,2.5,0.9191031274913366,0.5,0.9191031274913366,1.9588685452833934
Chiral,562,PLA,dense elastomer,22.423166436017315,10.0,2.5,0.804100200286857,0.5,0.804100200286857,1.9019485393274387
Chiral,563,PLA,foamed elastomer,22.423166436017315,10.0,2.5,0.804100200286857,0.5,0.804100200286857,1.9019485393274387
Chiral,564,PLA,none,22.423166436017315,10.0,2.5,0.804100200286857,0.5,0.804100200286857,1.9019485393274387
Chiral,565,PLA,dense elastomer,21.4888145244841,10.0,2.5,0.8472381617123856,0.5,0.8472381617123856,1.6956383399718111
Chiral,566,PLA,foamed elastomer,21.4888145244841,10.0,2.5,0.8472381617123856,0.5,0.8472381617123856,1.6956383399718111
Chiral,567,PLA,none,21.4888145244841,10.0,2.5,0.8472381617123856,0.5,0.8472381617123856,1.6956383399718111
Chiral,568,PLA,dense elastomer,41.358429096632435,10.0,2.5,0.9859415356790111,0.5,0.9859415356790111,1.4175204857202004
Chiral,569,PLA,foamed elastomer,41.358429096632435,10.0,2.5,0.9859415356790111,0.5,0.9859415356790111,1.4175204857202004
Chiral,570,PLA,none,41.358429096632435,10.0,2.5,0.9859415356790111,0.5,0.9859415356790111,1.4175204857202004
Chiral,571,PLA,dense elastomer,37.53330127151037,10.0,2.5,0.922734040122438,0.5,0.922734040122438,1.9799543340075918
Chiral,572,PLA,foamed elastomer,37.53330127151037,10.0,2.5,0.922734040122438,0.5,0.922734040122438,1.9799543340075918
Chiral,573,PLA,none,37.53330127151037,10.0,2.5,0.922734040122438,0.5,0.922734040122438,1.9799543340075918
Chiral,574,PLA,dense elastomer,19.77545423485616,10.0,2.5,0.9961757208635852,0.5,0.9961757208635852,1.8012427391132657
Chiral,575,PLA,foamed elastomer,19.77545423485616,10.0,2.5,0.9961757208635852,0.5,0.9961757208635852,1.8012427391132657
Chiral,576,PLA,none,19.77545423485616,10.0,2.5,0.9961757208635852,0.5,0.9961757208635852,1.8012427391132657
Chiral,577,PLA,dense elastomer,28.205657913530423,10.0,2.5,0.654403065882781,0.5,0.654403065882781,1.7638763472371428
Chiral,578,PLA,foamed elastomer,28.205657913530423,10.0,2.5,0.654403065882781,0.5,0.654403065882781,1.7638763472371428
Chiral,579,PLA,none,28.205657913530423,10.0,2.5,0.654403065882781,0.5,0.654403065882781,1.7638763472371428
Chiral,580,PLA,dense elastomer,31.383389291234543,10.0,2.5,0.46342356065143053,0.5,0.46342356065143053,1.7788890499622494
Chiral,581,PLA,foamed elastomer,31.383389291234543,10.0,2.5,0.46342356065143053,0.5,0.46342356065143053,1.7788890499622494
Chiral,582,PLA,none,31.383389291234543,10.0,2.5,0.46342356065143053,0.5,0.46342356065143053,1.7788890499622494
Chiral,583,PLA,dense elastomer,41.94161092998223,10.0,2.5,0.5734204208752035,0.5,0.5734204208752035,1.3207702652158717
Chiral,584,PLA,foamed elastomer,41.94161092998223,10.0,2.5,0.5734204208752035,0.5,0.5734204208752035,1.3207702652158717
Chiral,585,PLA,none,41.94161092998223,10.0,2.5,0.5734204208752035,0.5,0.5734204208752035,1.3207702652158717
Chiral,586,PLA,dense elastomer,26.16523137209971,10.0,2.5,0.27872044212080255,0.5,0.27872044212080255,1.2337786381737639
Chiral,587,PLA,foamed elastomer,26.16523137209971,10.0,2.5,0.27872044212080255,0.5,0.27872044212080255,1.2337786381737639
Chiral,588,PLA,none,26.16523137209971,10.0,2.5,0.27872044212080255,0.5,0.27872044212080255,1.2337786381737639
Chiral,589,PLA,dense elastomer,19.97972110701673,10.0,2.5,1.061864705812746,0.5,1.061864705812746,1.5505905313746016
Chiral,590,PLA,foamed elastomer,19.97972110701673,10.0,2.5,1.061864705812746,0.5,1.061864705812746,1.5505905313746016
Chiral,591,PLA,none,19.97972110701673,10.0,2.5,1.061864705812746,0.5,1.061864705812746,1.5505905313746016
Chiral,592,PLA,dense elastomer,42.64696442207664,10.0,2.5,0.7027284518816967,0.5,0.7027284518816967,1.971501223524124
Chiral,593,PLA,foamed elastomer,42.64696442207664,10.0,2.5,0.7027284518816967,0.5,0.7027284518816967,1.971501223524124
Chiral,594,PLA,none,42.64696442207664,10.0,2.5,0.7027284518816967,0.5,0.7027284518816967,1.971501223524124
Chiral,595,PLA,dense elastomer,24.362275498040677,10.0,2.5,0.2959827198677839,0.5,0.2959827198677839,1.906256092972827
Chiral,596,PLA,foamed elastomer,24.362275498040677,10.0,2.5,0.2959827198677839,0.5,0.2959827198677839,1.906256092972827
Chiral,597,PLA,none,24.362275498040677,10.0,2.5,0.2959827198677839,0.5,0.2959827198677839,1.906256092972827
Chiral,598,PLA,dense elastomer,23.95131914711545,10.0,2.5,0.7222440724177412,0.5,0.7222440724177412,1.1946194765315106
Chiral,599,PLA,foamed elastomer,23.95131914711545,10.0,2.5,0.7222440724177412,0.5,0.7222440724177412,1.1946194765315106
Chiral,600,PLA,none,23.95131914711545,10.0,2.5,0.7222440724177412,0.5,0.7222440724177412,1.1946194765315106
Chiral,601,PLA,dense elastomer,48.24456814810911,10.0,2.5,0.3478152478233534,0.5,0.3478152478233534,1.7504281170543334
Chiral,602,PLA,foamed elastomer,48.24456814810911,10.0,2.5,0.3478152478233534,0.5,0.3478152478233534,1.7504281170543334
Chiral,603,PLA,none,48.24456814810911,10.0,2.5,0.3478152478233534,0.5,0.3478152478233534,1.7504281170543334
Chiral,604,PLA,dense elastomer,46.73506372228525,10.0,2.5,1.0691803920297174,0.5,1.0691803920297174,1.3451623492802662
Chiral,605,PLA,foamed elastomer,46.73506372228525,10.0,2.5,1.0691803920297174,0.5,1.0691803920297174,1.3451623492802662
Chiral,606,PLA,none,46.73506372228525,10.0,2.5,1.0691803920297174,0.5,1.0691803920297174,1.3451623492802662
Chiral,607,PLA,dense elastomer,24.5419474197136,10.0,2.5,0.4788469207949013,0.5,0.4788469207949013,1.599300101243812
Chiral,608,PLA,foamed elastomer,24.5419474197136,10.0,2.5,0.4788469207949013,0.5,0.4788469207949013,1.599300101243812
Chiral,609,PLA,none,24.5419474197136,10.0,2.5,0.4788469207949013,0.5,0.4788469207949013,1.599300101243812
Chiral,610,PLA,dense elastomer,30.709564838054305,10.0,2.5,0.5617996250217172,0.5,0.5617996250217172,1.0796267113751747
Chiral,611,PLA,foamed elastomer,30.709564838054305,10.0,2.5,0.5617996250217172,0.5,0.5617996250217172,1.0796267113751747
Chiral,612,PLA,none,30.709564838054305,10.0,2.5,0.5617996250217172,0.5,0.5617996250217172,1.0796267113751747
Chiral,613,PLA,dense elastomer,15.931080613846186,10.0,2.5,1.1548029970813454,0.5,1.1548029970813454,1.3360894291486238
Chiral,614,PLA,foamed elastomer,15.931080613846186,10.0,2.5,1.1548029970813454,0.5,1.1548029970813454,1.3360894291486238
Chiral,615,PLA,none,15.931080613846186,10.0,2.5,1.1548029970813454,0.5,1.1548029970813454,1.3360894291486238
Chiral,616,PLA,dense elastomer,44.53317233256398,10.0,2.5,0.5149992309425315,0.5,0.5149992309425315,1.0681712374641148
Chiral,617,PLA,foamed elastomer,44.53317233256398,10.0,2.5,0.5149992309425315,0.5,0.5149992309425315,1.0681712374641148
Chiral,618,PLA,none,44.53317233256398,10.0,2.5,0.5149992309425315,0.5,0.5149992309425315,1.0681712374641148
Chiral,619,PLA,dense elastomer,15.67036037540446,10.0,2.5,0.3180068825267169,0.5,0.3180068825267169,1.2570989864274118
Chiral,620,PLA,foamed elastomer,15.67036037540446,10.0,2.5,0.3180068825267169,0.5,0.3180068825267169,1.2570989864274118
Chiral,621,PLA,none,15.67036037540446,10.0,2.5,0.3180068825267169,0.5,0.3180068825267169,1.2570989864274118
Chiral,622,PLA,dense elastomer,33.09979661549541,10.0,2.5,0.3091935263164538,0.5,0.3091935263164538,1.7327435788501337
Chiral,623,PLA,foamed elastomer,33.09979661549541,10.0,2.5,0.3091935263164538,0.5,0.3091935263164538,1.7327435788501337
Chiral,624,PLA,none,33.09979661549541,10.0,2.5,0.3091935263164538,0.5,0.3091935263164538,1.7327435788501337
Chiral,625,PLA,dense elastomer,11.667655528381584,10.0,2.5,0.8761730748913634,0.5,0.8761730748913634,1.4020155534025207
Chiral,626,PLA,foamed elastomer,11.667655528381584,10.0,2.5,0.8761730748913634,0.5,0.8761730748913634,1.4020155534025207
Chiral,627,PLA,none,11.667655528381584,10.0,2.5,0.8761730748913634,0.5,0.8761730748913634,1.4020155534025207
Chiral,628,PLA,dense elastomer,49.93332813476867,10.0,2.5,0.7723532283157769,0.5,0.7723532283157769,1.4854461775072543
Chiral,629,PLA,foamed elastomer,49.93332813476867,10.0,2.5,0.7723532283157769,0.5,0.7723532283157769,1.4854461775072543
Chiral,630,PLA,none,49.93332813476867,10.0,2.5,0.7723532283157769,0.5,0.7723532283157769,1.4854461775072543
Chiral,631,PLA,dense elastomer,10.112236236962717,10.0,2.5,0.935610957055,0.5,0.935610957055,1.2896965059734145
Chiral,632,PLA,foamed elastomer,10.112236236962717,10.0,2.5,0.935610957055,0.5,0.935610957055,1.2896965059734145
Chiral,633,PLA,none,10.112236236962717,10.0,2.5,0.935610957055,0.5,0.935610957055,1.2896965059734145
Chiral,634,PLA,dense elastomer,20.399018769245444,10.0,2.5,0.9587082316009334,0.5,0.9587082316009334,1.8480572699026396
Chiral,635,PLA,foamed elastomer,20.399018769245444,10.0,2.5,0.9587082316009334,0.5,0.9587082316009334,1.8480572699026396
Chiral,636,PLA,none,20.399018769245444,10.0,2.5,0.9587082316009334,0.5,0.9587082316009334,1.8480572699026396
Chiral,637,PLA,dense elastomer,14.724590118977083,10.0,2.5,0.7387353558348382,0.5,0.7387353558348382,1.0913580791176627
Chiral,638,PLA,foamed elastomer,14.724590118977083,10.0,2.5,0.7387353558348382,0.5,0.7387353558348382,1.0913580791176627
Chiral,639,PLA,none,14.724590118977083,10.0,2.5,0.7387353558348382,0.5,0.7387353558348382,1.0913580791176627
Chiral,640,PLA,dense elastomer,42.34171786340117,10.0,2.5,0.49442605589455024,0.5,0.49442605589455024,1.8338101160722604
Chiral,641,PLA,foamed elastomer,42.34171786340117,10.0,2.5,0.49442605589455024,0.5,0.49442605589455024,1.8338101160722604
Chiral,642,PLA,none,42.34171786340117,10.0,2.5,0.49442605589455024,0.5,0.49442605589455024,1.8338101160722604
Chiral,643,PLA,dense elastomer,22.99688383737145,10.0,2.5,0.814709337611137,0.5,0.814709337611137,1.3253328284474495
Chiral,644,PLA,foamed elastomer,22.99688383737145,10.0,2.5,0.814709337611137,0.5,0.814709337611137,1.3253328284474495
Chiral,645,PLA,none,22.99688383737145,10.0,2.5,0.814709337611137,0.5,0.814709337611137,1.3253328284474495
Chiral,646,PLA,dense elastomer,11.11038961375869,10.0,2.5,0.5060616611202966,0.5,0.5060616611202966,1.5801874485327918
Chiral,647,PLA,foamed elastomer,11.11038961375869,10.0,2.5,0.5060616611202966,0.5,0.5060616611202966,1.5801874485327918
Chiral,648,PLA,none,11.11038961375869,10.0,2.5,0.5060616611202966,0.5,0.5060616611202966,1.5801874485327918
Chiral,649,PLA,dense elastomer,20.847260847103776,10.0,2.5,1.0268760048113714,0.5,1.0268760048113714,1.6054876744087405
Chiral,650,PLA,foamed elastomer,20.847260847103776,10.0,2.5,1.0268760048113714,0.5,1.0268760048113714,1.6054876744087405
Chiral,651,PLA,none,20.847260847103776,10.0,2.5,1.0268760048113714,0.5,1.0268760048113714,1.6054876744087405
Chiral,652,PLA,dense elastomer,14.923522162183598,10.0,2.5,0.636008915619243,0.5,0.636008915619243,1.5222862395512096
Chiral,653,PLA,foamed elastomer,14.923522162183598,10.0,2.5,0.636008915619243,0.5,0.636008915619243,1.5222862395512096
Chiral,654,PLA,none,14.923522162183598,10.0,2.5,0.636008915619243,0.5,0.636008915619243,1.5222862395512096
Chiral,655,PLA,dense elastomer,43.80608063868611,10.0,2.5,1.0551755718027602,0.5,1.0551755718027602,1.0294767490111627
Chiral,656,PLA,foamed elastomer,43.80608063868611,10.0,2.5,1.0551755718027602,0.5,1.0551755718027602,1.0294767490111627
Chiral,657,PLA,none,43.80608063868611,10.0,2.5,1.0551755718027602,0.5,1.0551755718027602,1.0294767490111627
Chiral,658,PLA,dense elastomer,12.484404370568566,10.0,2.5,1.0373250227827722,0.5,1.0373250227827722,1.6425345760410237
Chiral,659,PLA,foamed elastomer,12.484404370568566,10.0,2.5,1.0373250227827722,0.5,1.0373250227827722,1.6425345760410237
Chiral,660,PLA,none,12.484404370568566,10.0,2.5,1.0373250227827722,0.5,1.0373250227827722,1.6425345760410237
Chiral,661,PLA,dense elastomer,29.386616685481023,10.0,2.5,1.2339098156969672,0.5,1.2339098156969672,1.186343371954086
Chiral,662,PLA,foamed elastomer,29.386616685481023,10.0,2.5,1.2339098156969672,0.5,1.2339098156969672,1.186343371954086
Chiral,663,PLA,none,29.386616685481023,10.0,2.5,1.2339098156969672,0.5,1.2339098156969672,1.186343371954086
Chiral,664,PLA,dense elastomer,12.798404091636112,10.0,2.5,0.7416522969809619,0.5,0.7416522969809619,1.9372858678713156
Chiral,665,PLA,foamed elastomer,12.798404091636112,10.0,2.5,0.7416522969809619,0.5,0.7416522969809619,1.9372858678713156
Chiral,666,PLA,none,12.798404091636112,10.0,2.5,0.7416522969809619,0.5,0.7416522969809619,1.9372858678713156
Chiral,667,PLA,dense elastomer,41.409191320500454,10.0,2.5,0.5499910542311128,0.5,0.5499910542311128,1.1438611465856328
Chiral,668,PLA,foamed elastomer,41.409191320500454,10.0,2.5,0.5499910542311128,0.5,0.5499910542311128,1.1438611465856328
Chiral,669,PLA,none,41.409191320500454,10.0,2.5,0.5499910542311128,0.5,0.5499910542311128,1.1438611465856328
Chiral,670,PLA,dense elastomer,21.081701114684357,10.0,2.5,0.35187571688242686,0.5,0.35187571688242686,1.0409277689443082
Chiral,671,PLA,foamed elastomer,21.081701114684357,10.0,2.5,0.35187571688242686,0.5,0.35187571688242686,1.0409277689443082
Chiral,672,PLA,none,21.081701114684357,10.0,2.5,0.35187571688242686,0.5,0.35187571688242686,1.0409277689443082
Chiral,673,PLA,dense elastomer,49.15046761718634,10.0,2.5,0.870372805936602,0.5,0.870372805936602,1.6613213616664075
Chiral,674,PLA,foamed elastomer,49.15046761718634,10.0,2.5,0.870372805936602,0.5,0.870372805936602,1.6613213616664075
Chiral,675,PLA,none,49.15046761718634,10.0,2.5,0.870372805936602,0.5,0.870372805936602,1.6613213616664075
Chiral,676,PLA,dense elastomer,28.87009706001628,10.0,2.5,1.1112477087265973,0.5,1.1112477087265973,1.962661623310327
Chiral,677,PLA,foamed elastomer,28.87009706001628,10.0,2.5,1.1112477087265973,0.5,1.1112477087265973,1.962661623310327
Chiral,678,PLA,none,28.87009706001628,10.0,2.5,1.1112477087265973,0.5,1.1112477087265973,1.962661623310327
Chiral,679,PLA,dense elastomer,38.47573262124903,10.0,2.5,0.33568812184409996,0.5,0.33568812184409996,1.8863024704940234
Chiral,680,PLA,foamed elastomer,38.47573262124903,10.0,2.5,0.33568812184409996,0.5,0.33568812184409996,1.8863024704940234
Chiral,681,PLA,none,38.47573262124903,10.0,2.5,0.33568812184409996,0.5,0.33568812184409996,1.8863024704940234
