Unit Cell,ID,Stiff material,Infill material,Unit cell width [mm],Unit cell height [mm],Out of plane thickness [mm],Strut thickness [mm],Fillet radius [mm],Interface length [mm]
Lattice,1,PLA,dense elastomer,10.0,10.0,2.5,0.25,0.5,0.375
Lattice,2,PLA,foamed elastomer,10.0,10.0,2.5,0.25,0.5,0.375
Lattice,3,PLA,none,10.0,10.0,2.5,0.25,0.5,0.375
Lattice,4,PLA,dense elastomer,10.0,10.0,2.5,0.75,0.5,1.125
Lattice,5,PLA,foamed elastomer,10.0,10.0,2.5,0.75,0.5,1.125
Lattice,6,PLA,none,10.0,10.0,2.5,0.75,0.5,1.125
Lattice,7,PLA,dense elastomer,10.0,10.0,2.5,1.25,0.5,1.875
Lattice,8,PLA,foamed elastomer,10.0,10.0,2.5,1.25,0.5,1.875
Lattice,9,PLA,none,10.0,10.0,2.5,1.25,0.5,1.875
Lattice,10,PLA,dense elastomer,30.0,10.0,2.5,0.25,0.5,0.375
Lattice,11,PLA,foamed elastomer,30.0,10.0,2.5,0.25,0.5,0.375
Lattice,12,PLA,none,30.0,10.0,2.5,0.25,0.5,0.375
Lattice,13,PLA,dense elastomer,30.0,10.0,2.5,0.75,0.5,1.125
Lattice,14,PLA,foamed elastomer,30.0,10.0,2.5,0.75,0.5,1.125
Lattice,15,PLA,none,30.0,10.0,2.5,0.75,0.5,1.125
Lattice,16,PLA,dense elastomer,30.0,10.0,2.5,1.25,0.5,1.875
Lattice,17,PLA,foamed elastomer,30.0,10.0,2.5,1.25,0.5,1.875
Lattice,18,PLA,none,30.0,10.0,2.5,1.25,0.5,1.875
Lattice,19,PLA,dense elastomer,50.0,10.0,2.5,0.25,0.5,0.375
Lattice,20,PLA,foamed elastomer,50.0,10.0,2.5,0.25,0.5,0.375
Lattice,21,PLA,none,50.0,10.0,2.5,0.25,0.5,0.375
Lattice,22,PLA,dense elastomer,50.0,10.0,2.5,0.75,0.5,1.125
Lattice,23,PLA,foamed elastomer,50.0,10.0,2.5,0.75,0.5,1.125
Lattice,24,PLA,none,50.0,10.0,2.5,0.75,0.5,1.125
Lattice,25,PLA,dense elastomer,50.0,10.0,2.5,1.25,0.5,1.875
Lattice,26,PLA,foamed elastomer,50.0,10.0,2.5,1.25,0.5,1.875
Lattice,27,PLA,none,50.0,10.0,2.5,1.25,0.5,1.875
Lattice,28,PLA,dense elastomer,34.1049594214365,10.0,2.5,0.43226907528560965,0.5,0.6484036129284145
Lattice,29,PLA,foamed elastomer,34.1049594214365,10.0,2.5,0.43226907528560965,0.5,0.6484036129284145
Lattice,30,PLA,none,34.1049594214365,10.0,2.5,0.43226907528560965,0.5,0.6484036129284145
Lattice,31,PLA,dense elastomer,21.61322099407988,10.0,2.5,0.4730120634825511,0.5,0.7095180952238267
Lattice,32,PLA,foamed elastomer,21.61322099407988,10.0,2.5,0.4730120634825511,0.5,0.7095180952238267
Lattice,33,PLA,none,21.61322099407988,10.0,2.5,0.4730120634825511,0.5,0.7095180952238267
Lattice,34,PLA,dense elastomer,22.577916239161276,10.0,2.5,0.8456619048538891,0.5,1.2684928572808336
Lattice,35,PLA,foamed elastomer,22.577916239161276,10.0,2.5,0.8456619048538891,0.5,1.2684928572808336
Lattice,36,PLA,none,22.577916239161276,10.0,2.5,0.8456619048538891,0.5,1.2684928572808336
Lattice,37,PLA,dense elastomer,27.42255576735833,10.0,2.5,0.7015438477238214,0.5,1.052315771585732
Lattice,38,PLA,foamed elastomer,27.42255576735833,10.0,2.5,0.7015438477238214,0.5,1.052315771585732
Lattice,39,PLA,none,27.42255576735833,10.0,2.5,0.7015438477238214,0.5,1.052315771585732
Lattice,40,PLA,dense elastomer,41.5950660870182,10.0,2.5,1.2475471376653704,0.5,1.8713207064980555
Lattice,41,PLA,foamed elastomer,41.5950660870182,10.0,2.5,1.2475471376653704,0.5,1.8713207064980555
Lattice,42,PLA,none,41.5950660870182,10.0,2.5,1.2475471376653704,0.5,1.8713207064980555
Lattice,43,PLA,dense elastomer,20.63956162029493,10.0,2.5,0.7726544848609096,0.5,1.1589817272913643
Lattice,44,PLA,foamed elastomer,20.63956162029493,10.0,2.5,0.7726544848609096,0.5,1.1589817272913643
Lattice,45,PLA,none,20.63956162029493,10.0,2.5,0.7726544848609096,0.5,1.1589817272913643
Lattice,46,PLA,dense elastomer,44.764914973184645,10.0,2.5,0.7360047752158155,0.5,1.1040071628237234
Lattice,47,PLA,foamed elastomer,44.764914973184645,10.0,2.5,0.7360047752158155,0.5,1.1040071628237234
Lattice,48,PLA,none,44.764914973184645,10.0,2.5,0.7360047752158155,0.5,1.1040071628237234
Lattice,49,PLA,dense elastomer,42.42729470959814,10.0,2.5,1.2356738834875487,0.5,1.853510825231323
Lattice,50,PLA,foamed elastomer,42.42729470959814,10.0,2.5,1.2356738834875487,0.5,1.853510825231323
Lattice,51,PLA,none,42.42729470959814,10.0,2.5,1.2356738834875487,0.5,1.853510825231323
Lattice,52,PLA,dense elastomer,20.046744223410727,10.0,2.5,1.0731208103223318,0.5,1.6096812154834976
Lattice,53,PLA,foamed elastomer,20.046744223410727,10.0,2.5,1.0731208103223318,0.5,1.6096812154834976
Lattice,54,PLA,none,20.046744223410727,10.0,2.5,1.0731208103223318,0.5,1.6096812154834976
Lattice,55,PLA,dense elastomer,41.988364845319,10.0,2.5,0.3984274520979786,0.5,0.5976411781469679
Lattice,56,PLA,foamed elastomer,41.988364845319,10.0,2.5,0.3984274520979786,0.5,0.5976411781469679
Lattice,57,PLA,none,41.988364845319,10.0,2.5,0.3984274520979786,0.5,0.5976411781469679
Lattice,58,PLA,dense elastomer,10.652202652322648,10.0,2.5,1.1233425996786313,0.5,1.685013899517947
Lattice,59,PLA,foamed elastomer,10.652202652322648,10.0,2.5,1.1233425996786313,0.5,1.685013899517947
Lattice,60,PLA,none,10.652202652322648,10.0,2.5,1.1233425996786313,0.5,1.685013899517947
Lattice,61,PLA,dense elastomer,19.800392536997553,10.0,2.5,0.2817859306723915,0.5,0.4226788960085872
Lattice,62,PLA,foamed elastomer,19.800392536997553,10.0,2.5,0.2817859306723915,0.5,0.4226788960085872
Lattice,63,PLA,none,19.800392536997553,10.0,2.5,0.2817859306723915,0.5,0.4226788960085872
Lattice,64,PLA,dense elastomer,35.2222977661366,10.0,2.5,0.3671307625651085,0.5,0.5506961438476627
Lattice,65,PLA,foamed elastomer,35.2222977661366,10.0,2.5,0.3671307625651085,0.5,0.5506961438476627
Lattice,66,PLA,none,35.2222977661366,10.0,2.5,0.3671307625651085,0.5,0.5506961438476627
Lattice,67,PLA,dense elastomer,38.042744623561745,10.0,2.5,0.9564142408467522,0.5,1.4346213612701284
Lattice,68,PLA,foamed elastomer,38.042744623561745,10.0,2.5,0.9564142408467522,0.5,1.4346213612701284
Lattice,69,PLA,none,38.042744623561745,10.0,2.5,0.9564142408467522,0.5,1.4346213612701284
Lattice,70,PLA,dense elastomer,25.454109710362523,10.0,2.5,0.8535787112844018,0.5,1.2803680669266027
Lattice,71,PLA,foamed elastomer,25.454109710362523,10.0,2.5,0.8535787112844018,0.5,1.2803680669266027
Lattice,72,PLA,none,25.454109710362523,10.0,2.5,0.8535787112844018,0.5,1.2803680669266027
Lattice,73,PLA,dense elastomer,31.37868758038099,10.0,2.5,0.5955955962405595,0.5,0.8933933943608392
Lattice,74,PLA,foamed elastomer,31.37868758038099,10.0,2.5,0.5955955962405595,0.5,0.8933933943608392
Lattice,75,PLA,none,31.37868758038099,10.0,2.5,0.5955955962405595,0.5,0.8933933943608392
Lattice,76,PLA,dense elastomer,18.66304882596975,10.0,2.5,1.1557802616520954,0.5,1.733670392478143
Lattice,77,PLA,foamed elastomer,18.66304882596975,10.0,2.5,1.1557802616520954,0.5,1.733670392478143
Lattice,78,PLA,none,18.66304882596975,10.0,2.5,1.1557802616520954,0.5,1.733670392478143
Lattice,79,PLA,dense elastomer,37.426378504250145,10.0,2.5,1.1678957248561426,0.5,1.7518435872842137
Lattice,80,PLA,foamed elastomer,37.426378504250145,10.0,2.5,1.1678957248561426,0.5,1.7518435872842137
Lattice,81,PLA,none,37.426378504250145,10.0,2.5,1.1678957248561426,0.5,1.7518435872842137
Lattice,82,PLA,dense elastomer,31.445829611713698,10.0,2.5,1.111362066044306,0.5,1.667043099066459
Lattice,83,PLA,foamed elastomer,31.445829611713698,10.0,2.5,1.111362066044306,0.5,1.667043099066459
Lattice,84,PLA,none,31.445829611713698,10.0,2.5,1.111362066044306,0.5,1.667043099066459
Lattice,85,PLA,dense elastomer,30.5413599173851,10.0,2.5,0.6878690115953812,0.5,1.0318035173930717
Lattice,86,PLA,foamed elastomer,30.5413599173851,10.0,2.5,0.6878690115953812,0.5,1.0318035173930717
Lattice,87,PLA,none,30.5413599173851,10.0,2.5,0.6878690115953812,0.5,1.0318035173930717
Lattice,88,PLA,dense elastomer,40.85268292122663,10.0,2.5,1.0330769389012118,0.5,1.5496154083518177
Lattice,89,PLA,foamed elastomer,40.85268292122663,10.0,2.5,1.0330769389012118,0.5,1.5496154083518177
Lattice,90,PLA,none,40.85268292122663,10.0,2.5,1.0330769389012118,0.5,1.5496154083518177
Lattice,91,PLA,dense elastomer,35.67094459618377,10.0,2.5,0.7126126400174794,0.5,1.068918960026219
Lattice,92,PLA,foamed elastomer,35.67094459618377,10.0,2.5,0.7126126400174794,0.5,1.068918960026219
Lattice,93,PLA,none,35.67094459618377,10.0,2.5,0.7126126400174794,0.5,1.068918960026219
Lattice,94,PLA,dense elastomer,38.676450689727126,10.0,2.5,1.164177200969332,0.5,1.746265801453998
Lattice,95,PLA,foamed elastomer,38.676450689727126,10.0,2.5,1.164177200969332,0.5,1.746265801453998
Lattice,96,PLA,none,38.676450689727126,10.0,2.5,1.164177200969332,0.5,1.746265801453998
Lattice,97,PLA,dense elastomer,32.308457426918416,10.0,2.5,0.4606271860300932,0.5,0.6909407790451398
Lattice,98,PLA,foamed elastomer,32.308457426918416,10.0,2.5,0.4606271860300932,0.5,0.6909407790451398
Lattice,99,PLA,none,32.308457426918416,10.0,2.5,0.4606271860300932,0.5,0.6909407790451398
Lattice,100,PLA,dense elastomer,19.337634435047995,10.0,2.5,0.8689029911360544,0.5,1.3033544867040816
Lattice,101,PLA,foamed elastomer,19.337634435047995,10.0,2.5,0.8689029911360544,0.5,1.3033544867040816
Lattice,102,PLA,none,19.337634435047995,10.0,2.5,0.8689029911360544,0.5,1.3033544867040816
Lattice,103,PLA,dense elastomer,29.054002326525556,10.0,2.5,0.8174932951561842,0.5,1.2262399427342763
Lattice,104,PLA,foamed elastomer,29.054002326525556,10.0,2.5,0.8174932951561842,0.5,1.2262399427342763
Lattice,105,PLA,none,29.054002326525556,10.0,2.5,0.8174932951561842,0.5,1.2262399427342763
Lattice,106,PLA,dense elastomer,13.950325614726648,10.0,2.5,0.4247752851450773,0.5,0.637162927717616
Lattice,107,PLA,foamed elastomer,13.950325614726648,10.0,2.5,0.4247752851450773,0.5,0.637162927717616
Lattice,108,PLA,none,13.950325614726648,10.0,2.5,0.4247752851450773,0.5,0.637162927717616
Lattice,109,PLA,dense elastomer,47.9480417503362,10.0,2.5,0.8108804734464404,0.5,1.2163207101696607
Lattice,110,PLA,foamed elastomer,47.9480417503362,10.0,2.5,0.8108804734464404,0.5,1.2163207101696607
Lattice,111,PLA,none,47.9480417503362,10.0,2.5,0.8108804734464404,0.5,1.2163207101696607
Lattice,112,PLA,dense elastomer,23.633543837173093,10.0,2.5,0.8327908609307161,0.5,1.249186291396074
Lattice,113,PLA,foamed elastomer,23.633543837173093,10.0,2.5,0.8327908609307161,0.5,1.249186291396074
Lattice,114,PLA,none,23.633543837173093,10.0,2.5,0.8327908609307161,0.5,1.249186291396074
Lattice,115,PLA,dense elastomer,12.041380446194395,10.0,2.5,0.3355087776872755,0.5,0.5032631665309133
Lattice,116,PLA,foamed elastomer,12.041380446194395,10.0,2.5,0.3355087776872755,0.5,0.5032631665309133
Lattice,117,PLA,none,12.041380446194395,10.0,2.5,0.3355087776872755,0.5,0.5032631665309133
Lattice,118,PLA,dense elastomer,13.21909441660462,10.0,2.5,1.1723272523809292,0.5,1.7584908785713937
Lattice,119,PLA,foamed elastomer,13.21909441660462,10.0,2.5,1.1723272523809292,0.5,1.7584908785713937
Lattice,120,PLA,none,13.21909441660462,10.0,2.5,1.1723272523809292,0.5,1.7584908785713937
Lattice,121,PLA,dense elastomer,21.81534927473704,10.0,2.5,0.9661367195507259,0.5,1.4492050793260889
Lattice,122,PLA,foamed elastomer,21.81534927473704,10.0,2.5,0.9661367195507259,0.5,1.4492050793260889
Lattice,123,PLA,none,21.81534927473704,10.0,2.5,0.9661367195507259,0.5,1.4492050793260889
Lattice,124,PLA,dense elastomer,44.40012858777,10.0,2.5,0.9468082165850291,0.5,1.4202123248775438
Lattice,125,PLA,foamed elastomer,44.40012858777,10.0,2.5,0.9468082165850291,0.5,1.4202123248775438
Lattice,126,PLA,none,44.40012858777,10.0,2.5,0.9468082165850291,0.5,1.4202123248775438
Lattice,127,PLA,dense elastomer,40.27050411765492,10.0,2.5,0.8812978753349354,0.5,1.3219468130024032
Lattice,128,PLA,foamed elastomer,40.27050411765492,10.0,2.5,0.8812978753349354,0.5,1.3219468130024032
Lattice,129,PLA,none,40.27050411765492,10.0,2.5,0.8812978753349354,0.5,1.3219468130024032
Lattice,130,PLA,dense elastomer,30.355784673120887,10.0,2.5,0.9067920664179354,0.5,1.3601880996269031
Lattice,131,PLA,foamed elastomer,30.355784673120887,10.0,2.5,0.9067920664179354,0.5,1.3601880996269031
Lattice,132,PLA,none,30.355784673120887,10.0,2.5,0.9067920664179354,0.5,1.3601880996269031
Lattice,133,PLA,dense elastomer,47.68794561054872,10.0,2.5,1.0089967533495154,0.5,1.5134951300242732
Lattice,134,PLA,foamed elastomer,47.68794561054872,10.0,2.5,1.0089967533495154,0.5,1.5134951300242732
Lattice,135,PLA,none,47.68794561054872,10.0,2.5,1.0089967533495154,0.5,1.5134951300242732
Lattice,136,PLA,dense elastomer,21.52468294811818,10.0,2.5,1.0696100320277093,0.5,1.604415048041564
Lattice,137,PLA,foamed elastomer,21.52468294811818,10.0,2.5,1.0696100320277093,0.5,1.604415048041564
Lattice,138,PLA,none,21.52468294811818,10.0,2.5,1.0696100320277093,0.5,1.604415048041564
Lattice,139,PLA,dense elastomer,42.863815557784186,10.0,2.5,0.9638303007450946,0.5,1.445745451117642
Lattice,140,PLA,foamed elastomer,42.863815557784186,10.0,2.5,0.9638303007450946,0.5,1.445745451117642
Lattice,141,PLA,none,42.863815557784186,10.0,2.5,0.9638303007450946,0.5,1.445745451117642
Lattice,142,PLA,dense elastomer,39.06501736082273,10.0,2.5,0.9742247840000012,0.5,1.4613371760000018
Lattice,143,PLA,foamed elastomer,39.06501736082273,10.0,2.5,0.9742247840000012,0.5,1.4613371760000018
Lattice,144,PLA,none,39.06501736082273,10.0,2.5,0.9742247840000012,0.5,1.4613371760000018
Lattice,145,PLA,dense elastomer,31.965620316672485,10.0,2.5,0.5041137670464497,0.5,0.7561706505696746
Lattice,146,PLA,foamed elastomer,31.965620316672485,10.0,2.5,0.5041137670464497,0.5,0.7561706505696746
Lattice,147,PLA,none,31.965620316672485,10.0,2.5,0.5041137670464497,0.5,0.7561706505696746
Lattice,148,PLA,dense elastomer,34.489754761772296,10.0,2.5,1.1176428643702843,0.5,1.6764642965554264
Lattice,149,PLA,foamed elastomer,34.489754761772296,10.0,2.5,1.1176428643702843,0.5,1.6764642965554264
Lattice,150,PLA,none,34.489754761772296,10.0,2.5,1.1176428643702843,0.5,1.6764642965554264
Lattice,151,PLA,dense elastomer,47.43093075278964,10.0,2.5,0.7175498289110384,0.5,1.0763247433665575
Lattice,152,PLA,foamed elastomer,47.43093075278964,10.0,2.5,0.7175498289110384,0.5,1.0763247433665575
Lattice,153,PLA,none,47.43093075278964,10.0,2.5,0.7175498289110384,0.5,1.0763247433665575
Lattice,154,PLA,dense elastomer,36.13016485233797,10.0,2.5,0.6731003007544143,0.5,1.0096504511316216
Lattice,155,PLA,foamed elastomer,36.13016485233797,10.0,2.5,0.6731003007544143,0.5,1.0096504511316216
Lattice,156,PLA,none,36.13016485233797,10.0,2.5,0.6731003007544143,0.5,1.0096504511316216
Lattice,157,PLA,dense elastomer,29.269109347082882,10.0,2.5,0.31921124023023895,0.5,0.4788168603453584
Lattice,158,PLA,foamed elastomer,29.269109347082882,10.0,2.5,0.31921124023023895,0.5,0.4788168603453584
Lattice,159,PLA,none,29.269109347082882,10.0,2.5,0.31921124023023895,0.5,0.4788168603453584
Lattice,160,PLA,dense elastomer,27.631948031724498,10.0,2.5,0.886976366382878,0.5,1.330464549574317
Lattice,161,PLA,foamed elastomer,27.631948031724498,10.0,2.5,0.886976366382878,0.5,1.330464549574317
Lattice,162,PLA,none,27.631948031724498,10.0,2.5,0.886976366382878,0.5,1.330464549574317
Lattice,163,PLA,dense elastomer,19.423827286338167,10.0,2.5,1.2400155633859224,0.5,1.8600233450788837
Lattice,164,PLA,foamed elastomer,19.423827286338167,10.0,2.5,1.2400155633859224,0.5,1.8600233450788837
Lattice,165,PLA,none,19.423827286338167,10.0,2.5,1.2400155633859224,0.5,1.8600233450788837
Lattice,166,PLA,dense elastomer,37.6095211363609,10.0,2.5,1.0425858853186096,0.5,1.5638788279779146
Lattice,167,PLA,foamed elastomer,37.6095211363609,10.0,2.5,1.0425858853186096,0.5,1.5638788279779146
Lattice,168,PLA,none,37.6095211363609,10.0,2.5,1.0425858853186096,0.5,1.5638788279779146
Lattice,169,PLA,dense elastomer,16.443529594650308,10.0,2.5,0.5792709029007257,0.5,0.8689063543510885
Lattice,170,PLA,foamed elastomer,16.443529594650308,10.0,2.5,0.5792709029007257,0.5,0.8689063543510885
Lattice,171,PLA,none,16.443529594650308,10.0,2.5,0.5792709029007257,0.5,0.8689063543510885
Lattice,172,PLA,dense elastomer,46.353234903521674,10.0,2.5,0.9373567433589147,0.5,1.406035115038372
Lattice,173,PLA,foamed elastomer,46.353234903521674,10.0,2.5,0.9373567433589147,0.5,1.406035115038372
Lattice,174,PLA,none,46.353234903521674,10.0,2.5,0.9373567433589147,0.5,1.406035115038372
Lattice,175,PLA,dense elastomer,41.65942936355847,10.0,2.5,0.8414055149782691,0.5,1.2621082724674038
Lattice,176,PLA,foamed elastomer,41.65942936355847,10.0,2.5,0.8414055149782691,0.5,1.2621082724674038
Lattice,177,PLA,none,41.65942936355847,10.0,2.5,0.8414055149782691,0.5,1.2621082724674038
Lattice,178,PLA,dense elastomer,38.37320175768112,10.0,2.5,0.7766735206102857,0.5,1.1650102809154286
Lattice,179,PLA,foamed elastomer,38.37320175768112,10.0,2.5,0.7766735206102857,0.5,1.1650102809154286
Lattice,180,PLA,none,38.37320175768112,10.0,2.5,0.7766735206102857,0.5,1.1650102809154286
Lattice,181,PLA,dense elastomer,37.91928137993325,10.0,2.5,1.078474337810455,0.5,1.6177115067156826
Lattice,182,PLA,foamed elastomer,37.91928137993325,10.0,2.5,1.078474337810455,0.5,1.6177115067156826
Lattice,183,PLA,none,37.91928137993325,10.0,2.5,1.078474337810455,0.5,1.6177115067156826
Lattice,184,PLA,dense elastomer,15.486780716124647,10.0,2.5,1.1768518141527813,0.5,1.765277721229172
Lattice,185,PLA,foamed elastomer,15.486780716124647,10.0,2.5,1.1768518141527813,0.5,1.765277721229172
Lattice,186,PLA,none,15.486780716124647,10.0,2.5,1.1768518141527813,0.5,1.765277721229172
Lattice,187,PLA,dense elastomer,18.025287763886407,10.0,2.5,0.9962730188180033,0.5,1.494409528227005
Lattice,188,PLA,foamed elastomer,18.025287763886407,10.0,2.5,0.9962730188180033,0.5,1.494409528227005
Lattice,189,PLA,none,18.025287763886407,10.0,2.5,0.9962730188180033,0.5,1.494409528227005
Lattice,190,PLA,dense elastomer,18.849248902414562,10.0,2.5,0.4089678141301426,0.5,0.613451721195214
Lattice,191,PLA,foamed elastomer,18.849248902414562,10.0,2.5,0.4089678141301426,0.5,0.613451721195214
Lattice,192,PLA,none,18.849248902414562,10.0,2.5,0.4089678141301426,0.5,0.613451721195214
Lattice,193,PLA,dense elastomer,20.370105713720108,10.0,2.5,1.2023547887704098,0.5,1.8035321831556148
Lattice,194,PLA,foamed elastomer,20.370105713720108,10.0,2.5,1.2023547887704098,0.5,1.8035321831556148
Lattice,195,PLA,none,20.370105713720108,10.0,2.5,1.2023547887704098,0.5,1.8035321831556148
Lattice,196,PLA,dense elastomer,15.203942295353569,10.0,2.5,0.4479700534117071,0.5,0.6719550801175607
Lattice,197,PLA,foamed elastomer,15.203942295353569,10.0,2.5,0.4479700534117071,0.5,0.6719550801175607
Lattice,198,PLA,none,15.203942295353569,10.0,2.5,0.4479700534117071,0.5,0.6719550801175607
Lattice,199,PLA,dense elastomer,30.712698357215977,10.0,2.5,0.6674206358089199,0.5,1.0011309537133797
Lattice,200,PLA,foamed elastomer,30.712698357215977,10.0,2.5,0.6674206358089199,0.5,1.0011309537133797
Lattice,201,PLA,none,30.712698357215977,10.0,2.5,0.6674206358089199,0.5,1.0011309537133797
Lattice,202,PLA,dense elastomer,10.920571915865418,10.0,2.5,0.7648166211657442,0.5,1.1472249317486163
Lattice,203,PLA,foamed elastomer,10.920571915865418,10.0,2.5,0.7648166211657442,0.5,1.1472249317486163
Lattice,204,PLA,none,10.920571915865418,10.0,2.5,0.7648166211657442,0.5,1.1472249317486163
Lattice,205,PLA,dense elastomer,23.524243691531286,10.0,2.5,1.010763555378452,0.5,1.516145333067678
Lattice,206,PLA,foamed elastomer,23.524243691531286,10.0,2.5,1.010763555378452,0.5,1.516145333067678
Lattice,207,PLA,none,23.524243691531286,10.0,2.5,1.010763555378452,0.5,1.516145333067678
Lattice,208,PLA,dense elastomer,24.066823045348507,10.0,2.5,1.2305679838036196,0.5,1.8458519757054295
Lattice,209,PLA,foamed elastomer,24.066823045348507,10.0,2.5,1.2305679838036196,0.5,1.8458519757054295
Lattice,210,PLA,none,24.066823045348507,10.0,2.5,1.2305679838036196,0.5,1.8458519757054295
Lattice,211,PLA,dense elastomer,39.49237048280098,10.0,2.5,0.9292666942866303,0.5,1.3939000414299456
Lattice,212,PLA,foamed elastomer,39.49237048280098,10.0,2.5,0.9292666942866303,0.5,1.3939000414299456
Lattice,213,PLA,none,39.49237048280098,10.0,2.5,0.9292666942866303,0.5,1.3939000414299456
Lattice,214,PLA,dense elastomer,46.781357874857086,10.0,2.5,1.1366482242755067,0.5,1.70497233641326
Lattice,215,PLA,foamed elastomer,46.781357874857086,10.0,2.5,1.1366482242755067,0.5,1.70497233641326
Lattice,216,PLA,none,46.781357874857086,10.0,2.5,1.1366482242755067,0.5,1.70497233641326
Lattice,217,PLA,dense elastomer,10.376158004632993,10.0,2.5,0.7694001159771027,0.5,1.154100173965654
Lattice,218,PLA,foamed elastomer,10.376158004632993,10.0,2.5,0.7694001159771027,0.5,1.154100173965654
Lattice,219,PLA,none,10.376158004632993,10.0,2.5,0.7694001159771027,0.5,1.154100173965654
Lattice,220,PLA,dense elastomer,47.09764570132036,10.0,2.5,0.5939315686327264,0.5,0.8908973529490897
Lattice,221,PLA,foamed elastomer,47.09764570132036,10.0,2.5,0.5939315686327264,0.5,0.8908973529490897
Lattice,222,PLA,none,47.09764570132036,10.0,2.5,0.5939315686327264,0.5,0.8908973529490897
Lattice,223,PLA,dense elastomer,45.492127951107626,10.0,2.5,0.6942555228883329,0.5,1.0413832843324995
Lattice,224,PLA,foamed elastomer,45.492127951107626,10.0,2.5,0.6942555228883329,0.5,1.0413832843324995
Lattice,225,PLA,none,45.492127951107626,10.0,2.5,0.6942555228883329,0.5,1.0413832843324995
Lattice,226,PLA,dense elastomer,46.50048142993634,10.0,2.5,1.2206405393249267,0.5,1.83096080898739
Lattice,227,PLA,foamed elastomer,46.50048142993634,10.0,2.5,1.2206405393249267,0.5,1.83096080898739
Lattice,228,PLA,none,46.50048142993634,10.0,2.5,1.2206405393249267,0.5,1.83096080898739
Lattice,229,PLA,dense elastomer,22.049725785747633,10.0,2.5,1.028178074718117,0.5,1.5422671120771756
Lattice,230,PLA,foamed elastomer,22.049725785747633,10.0,2.5,1.028178074718117,0.5,1.5422671120771756
Lattice,231,PLA,none,22.049725785747633,10.0,2.5,1.028178074718117,0.5,1.5422671120771756
Lattice,232,PLA,dense elastomer,24.41517838493305,10.0,2.5,0.269509355491235,0.5,0.4042640332368525
Lattice,233,PLA,foamed elastomer,24.41517838493305,10.0,2.5,0.269509355491235,0.5,0.4042640332368525
Lattice,234,PLA,none,24.41517838493305,10.0,2.5,0.269509355491235,0.5,0.4042640332368525
Lattice,235,PLA,dense elastomer,19.17099414298543,10.0,2.5,0.44414930413911247,0.5,0.6662239562086687
Lattice,236,PLA,foamed elastomer,19.17099414298543,10.0,2.5,0.44414930413911247,0.5,0.6662239562086687
Lattice,237,PLA,none,19.17099414298543,10.0,2.5,0.44414930413911247,0.5,0.6662239562086687
Lattice,238,PLA,dense elastomer,12.692556737497316,10.0,2.5,1.1336305352169727,0.5,1.700445802825459
Lattice,239,PLA,foamed elastomer,12.692556737497316,10.0,2.5,1.1336305352169727,0.5,1.700445802825459
Lattice,240,PLA,none,12.692556737497316,10.0,2.5,1.1336305352169727,0.5,1.700445802825459
Lattice,241,PLA,dense elastomer,35.975095245713405,10.0,2.5,1.1094536486937976,0.5,1.6641804730406964
Lattice,242,PLA,foamed elastomer,35.975095245713405,10.0,2.5,1.1094536486937976,0.5,1.6641804730406964
Lattice,243,PLA,none,35.975095245713405,10.0,2.5,1.1094536486937976,0.5,1.6641804730406964
Lattice,244,PLA,dense elastomer,14.999480525710116,10.0,2.5,0.6453401803684624,0.5,0.9680102705526936
Lattice,245,PLA,foamed elastomer,14.999480525710116,10.0,2.5,0.6453401803684624,0.5,0.9680102705526936
Lattice,246,PLA,none,14.999480525710116,10.0,2.5,0.6453401803684624,0.5,0.9680102705526936
Lattice,247,PLA,dense elastomer,23.341261728919857,10.0,2.5,0.6535747896301927,0.5,0.980362184445289
Lattice,248,PLA,foamed elastomer,23.341261728919857,10.0,2.5,0.6535747896301927,0.5,0.980362184445289
Lattice,249,PLA,none,23.341261728919857,10.0,2.5,0.6535747896301927,0.5,0.980362184445289
Lattice,250,PLA,dense elastomer,35.59698834700629,10.0,2.5,0.6967554866540324,0.5,1.0451332299810487
Lattice,251,PLA,foamed elastomer,35.59698834700629,10.0,2.5,0.6967554866540324,0.5,1.0451332299810487
Lattice,252,PLA,none,35.59698834700629,10.0,2.5,0.6967554866540324,0.5,1.0451332299810487
Lattice,253,PLA,dense elastomer,11.348522817371538,10.0,2.5,1.2147782029809568,0.5,1.8221673044714353
Lattice,254,PLA,foamed elastomer,11.348522817371538,10.0,2.5,1.2147782029809568,0.5,1.8221673044714353
Lattice,255,PLA,none,11.348522817371538,10.0,2.5,1.2147782029809568,0.5,1.8221673044714353
Lattice,256,PLA,dense elastomer,10.117366693722218,10.0,2.5,0.5069977479379939,0.5,0.7604966219069909
Lattice,257,PLA,foamed elastomer,10.117366693722218,10.0,2.5,0.5069977479379939,0.5,0.7604966219069909
Lattice,258,PLA,none,10.117366693722218,10.0,2.5,0.5069977479379939,0.5,0.7604966219069909
Lattice,259,PLA,dense elastomer,47.34713843490353,10.0,2.5,0.45242338716506847,0.5,0.6786350807476027
Lattice,260,PLA,foamed elastomer,47.34713843490353,10.0,2.5,0.45242338716506847,0.5,0.6786350807476027
Lattice,261,PLA,none,47.34713843490353,10.0,2.5,0.45242338716506847,0.5,0.6786350807476027
Lattice,262,PLA,dense elastomer,26.525749104265866,10.0,2.5,0.3837099204735933,0.5,0.5755648807103899
Lattice,263,PLA,foamed elastomer,26.525749104265866,10.0,2.5,0.3837099204735933,0.5,0.5755648807103899
Lattice,264,PLA,none,26.525749104265866,10.0,2.5,0.3837099204735933,0.5,0.5755648807103899
Lattice,265,PLA,dense elastomer,22.658413690032287,10.0,2.5,1.1935847812086309,0.5,1.7903771718129464
Lattice,266,PLA,foamed elastomer,22.658413690032287,10.0,2.5,1.1935847812086309,0.5,1.7903771718129464
Lattice,267,PLA,none,22.658413690032287,10.0,2.5,1.1935847812086309,0.5,1.7903771718129464
Lattice,268,PLA,dense elastomer,14.166774269625474,10.0,2.5,0.6394338175075884,0.5,0.9591507262613826
Lattice,269,PLA,foamed elastomer,14.166774269625474,10.0,2.5,0.6394338175075884,0.5,0.9591507262613826
Lattice,270,PLA,none,14.166774269625474,10.0,2.5,0.6394338175075884,0.5,0.9591507262613826
Lattice,271,PLA,dense elastomer,15.91207013322173,10.0,2.5,0.3503160155402749,0.5,0.5254740233104124
Lattice,272,PLA,foamed elastomer,15.91207013322173,10.0,2.5,0.3503160155402749,0.5,0.5254740233104124
Lattice,273,PLA,none,15.91207013322173,10.0,2.5,0.3503160155402749,0.5,0.5254740233104124
Lattice,274,PLA,dense elastomer,16.931571791169524,10.0,2.5,0.8596816043122855,0.5,1.289522406468428
Lattice,275,PLA,foamed elastomer,16.931571791169524,10.0,2.5,0.8596816043122855,0.5,1.289522406468428
Lattice,276,PLA,none,16.931571791169524,10.0,2.5,0.8596816043122855,0.5,1.289522406468428
Lattice,277,PLA,dense elastomer,12.44845503072954,10.0,2.5,0.2726778061979372,0.5,0.4090167092969058
Lattice,278,PLA,foamed elastomer,12.44845503072954,10.0,2.5,0.2726778061979372,0.5,0.4090167092969058
Lattice,279,PLA,none,12.44845503072954,10.0,2.5,0.2726778061979372,0.5,0.4090167092969058
Lattice,280,PLA,dense elastomer,25.69795864079277,10.0,2.5,0.6846667554720121,0.5,1.027000133208018
Lattice,281,PLA,foamed elastomer,25.69795864079277,10.0,2.5,0.6846667554720121,0.5,1.027000133208018
Lattice,282,PLA,none,25.69795864079277,10.0,2.5,0.6846667554720121,0.5,1.027000133208018
Lattice,283,PLA,dense elastomer,28.93738408492603,10.0,2.5,0.8271262249208511,0.5,1.2406893373812766
Lattice,284,PLA,foamed elastomer,28.93738408492603,10.0,2.5,0.8271262249208511,0.5,1.2406893373812766
Lattice,285,PLA,none,28.93738408492603,10.0,2.5,0.8271262249208511,0.5,1.2406893373812766
Lattice,286,PLA,dense elastomer,45.35243646706007,10.0,2.5,0.2945498205991778,0.5,0.44182473089876667
Lattice,287,PLA,foamed elastomer,45.35243646706007,10.0,2.5,0.2945498205991778,0.5,0.44182473089876667
Lattice,288,PLA,none,45.35243646706007,10.0,2.5,0.2945498205991778,0.5,0.44182473089876667
Lattice,289,PLA,dense elastomer,35.017330202406896,10.0,2.5,1.0529100743471989,0.5,1.5793651115207983
Lattice,290,PLA,foamed elastomer,35.017330202406896,10.0,2.5,1.0529100743471989,0.5,1.5793651115207983
Lattice,291,PLA,none,35.017330202406896,10.0,2.5,1.0529100743471989,0.5,1.5793651115207983
Lattice,292,PLA,dense elastomer,27.075680128058124,10.0,2.5,0.30465145459619997,0.5,0.4569771818942999
Lattice,293,PLA,foamed elastomer,27.075680128058124,10.0,2.5,0.30465145459619997,0.5,0.4569771818942999
Lattice,294,PLA,none,27.075680128058124,10.0,2.5,0.30465145459619997,0.5,0.4569771818942999
Lattice,295,PLA,dense elastomer,17.932275176176283,10.0,2.5,0.7878042467633245,0.5,1.1817063701449868
Lattice,296,PLA,foamed elastomer,17.932275176176283,10.0,2.5,0.7878042467633245,0.5,1.1817063701449868
Lattice,297,PLA,none,17.932275176176283,10.0,2.5,0.7878042467633245,0.5,1.1817063701449868
Lattice,298,PLA,dense elastomer,33.46796849540988,10.0,2.5,0.6436455151830465,0.5,0.9654682727745697
Lattice,299,PLA,foamed elastomer,33.46796849540988,10.0,2.5,0.6436455151830465,0.5,0.9654682727745697
Lattice,300,PLA,none,33.46796849540988,10.0,2.5,0.6436455151830465,0.5,0.9654682727745697
Lattice,301,PLA,dense elastomer,11.648027269713289,10.0,2.5,0.5571414055909251,0.5,0.8357121083863877
Lattice,302,PLA,foamed elastomer,11.648027269713289,10.0,2.5,0.5571414055909251,0.5,0.8357121083863877
Lattice,303,PLA,none,11.648027269713289,10.0,2.5,0.5571414055909251,0.5,0.8357121083863877
Lattice,304,PLA,dense elastomer,48.42129841468181,10.0,2.5,1.0203152680631769,0.5,1.5304729020947652
Lattice,305,PLA,foamed elastomer,48.42129841468181,10.0,2.5,1.0203152680631769,0.5,1.5304729020947652
Lattice,306,PLA,none,48.42129841468181,10.0,2.5,1.0203152680631769,0.5,1.5304729020947652
Lattice,307,PLA,dense elastomer,18.47631186024664,10.0,2.5,0.5528577466978277,0.5,0.8292866200467416
Lattice,308,PLA,foamed elastomer,18.47631186024664,10.0,2.5,0.5528577466978277,0.5,0.8292866200467416
Lattice,309,PLA,none,18.47631186024664,10.0,2.5,0.5528577466978277,0.5,0.8292866200467416
Lattice,310,PLA,dense elastomer,13.624622442536387,10.0,2.5,0.264167378743589,0.5,0.39625106811538346
Lattice,311,PLA,foamed elastomer,13.624622442536387,10.0,2.5,0.264167378743589,0.5,0.39625106811538346
Lattice,312,PLA,none,13.624622442536387,10.0,2.5,0.264167378743589,0.5,0.39625106811538346
Lattice,313,PLA,dense elastomer,26.842322297239846,10.0,2.5,0.7288144538122276,0.5,1.0932216807183415
Lattice,314,PLA,foamed elastomer,26.842322297239846,10.0,2.5,0.7288144538122276,0.5,1.0932216807183415
Lattice,315,PLA,none,26.842322297239846,10.0,2.5,0.7288144538122276,0.5,1.0932216807183415
Lattice,316,PLA,dense elastomer,15.12535950360516,10.0,2.5,1.0936362287351225,0.5,1.6404543431026837
Lattice,317,PLA,foamed elastomer,15.12535950360516,10.0,2.5,1.0936362287351225,0.5,1.6404543431026837
Lattice,318,PLA,none,15.12535950360516,10.0,2.5,1.0936362287351225,0.5,1.6404543431026837
Lattice,319,PLA,dense elastomer,42.706590927800086,10.0,2.5,1.085580402533004,0.5,1.628370603799506
Lattice,320,PLA,foamed elastomer,42.706590927800086,10.0,2.5,1.085580402533004,0.5,1.628370603799506
Lattice,321,PLA,none,42.706590927800086,10.0,2.5,1.085580402533004,0.5,1.628370603799506
Lattice,322,PLA,dense elastomer,34.990618788280266,10.0,2.5,0.30661133255152695,0.5,0.4599169988272904
Lattice,323,PLA,foamed elastomer,34.990618788280266,10.0,2.5,0.30661133255152695,0.5,0.4599169988272904
Lattice,324,PLA,none,34.990618788280266,10.0,2.5,0.30661133255152695,0.5,0.4599169988272904
Lattice,325,PLA,dense elastomer,33.93380322847257,10.0,2.5,0.911262332626622,0.5,1.366893498939933
Lattice,326,PLA,foamed elastomer,33.93380322847257,10.0,2.5,0.911262332626622,0.5,1.366893498939933
Lattice,327,PLA,none,33.93380322847257,10.0,2.5,0.911262332626622,0.5,1.366893498939933
Lattice,328,PLA,dense elastomer,31.770103225144474,10.0,2.5,0.9434915091922067,0.5,1.4152372637883102
Lattice,329,PLA,foamed elastomer,31.770103225144474,10.0,2.5,0.9434915091922067,0.5,1.4152372637883102
Lattice,330,PLA,none,31.770103225144474,10.0,2.5,0.9434915091922067,0.5,1.4152372637883102
Lattice,331,PLA,dense elastomer,21.11688605049966,10.0,2.5,1.1450644613864538,0.5,1.7175966920796806
Lattice,332,PLA,foamed elastomer,21.11688605049966,10.0,2.5,1.1450644613864538,0.5,1.7175966920796806
Lattice,333,PLA,none,21.11688605049966,10.0,2.5,1.1450644613864538,0.5,1.7175966920796806
Lattice,334,PLA,dense elastomer,24.821213236498778,10.0,2.5,0.3861150880713377,0.5,0.5791726321070065
Lattice,335,PLA,foamed elastomer,24.821213236498778,10.0,2.5,0.3861150880713377,0.5,0.5791726321070065
Lattice,336,PLA,none,24.821213236498778,10.0,2.5,0.3861150880713377,0.5,0.5791726321070065
Lattice,337,PLA,dense elastomer,13.43554512866341,10.0,2.5,1.1502299938128935,0.5,1.72534499071934
Lattice,338,PLA,foamed elastomer,13.43554512866341,10.0,2.5,1.1502299938128935,0.5,1.72534499071934
Lattice,339,PLA,none,13.43554512866341,10.0,2.5,1.1502299938128935,0.5,1.72534499071934
Lattice,340,PLA,dense elastomer,13.009753182945701,10.0,2.5,0.9828105682751703,0.5,1.4742158524127555
Lattice,341,PLA,foamed elastomer,13.009753182945701,10.0,2.5,0.9828105682751703,0.5,1.4742158524127555
Lattice,342,PLA,none,13.009753182945701,10.0,2.5,0.9828105682751703,0.5,1.4742158524127555
Lattice,343,PLA,dense elastomer,17.00332994787095,10.0,2.5,0.3302512838827465,0.5,0.49537692582411974
Lattice,344,PLA,foamed elastomer,17.00332994787095,10.0,2.5,0.3302512838827465,0.5,0.49537692582411974
Lattice,345,PLA,none,17.00332994787095,10.0,2.5,0.3302512838827465,0.5,0.49537692582411974
Lattice,346,PLA,dense elastomer,12.300473046742749,10.0,2.5,0.34692012894451735,0.5,0.520380193416776
Lattice,347,PLA,foamed elastomer,12.300473046742749,10.0,2.5,0.34692012894451735,0.5,0.520380193416776
Lattice,348,PLA,none,12.300473046742749,10.0,2.5,0.34692012894451735,0.5,0.520380193416776
Lattice,349,PLA,dense elastomer,32.86666963754206,10.0,2.5,1.2293246883533637,0.5,1.8439870325300456
Lattice,350,PLA,foamed elastomer,32.86666963754206,10.0,2.5,1.2293246883533637,0.5,1.8439870325300456
Lattice,351,PLA,none,32.86666963754206,10.0,2.5,1.2293246883533637,0.5,1.8439870325300456
Lattice,352,PLA,dense elastomer,46.96388645526548,10.0,2.5,0.8925108538185061,0.5,1.3387662807277592
Lattice,353,PLA,foamed elastomer,46.96388645526548,10.0,2.5,0.8925108538185061,0.5,1.3387662807277592
Lattice,354,PLA,none,46.96388645526548,10.0,2.5,0.8925108538185061,0.5,1.3387662807277592
Lattice,355,PLA,dense elastomer,38.578952741623596,10.0,2.5,0.3131658401297277,0.5,0.46974876019459155
Lattice,356,PLA,foamed elastomer,38.578952741623596,10.0,2.5,0.3131658401297277,0.5,0.46974876019459155
Lattice,357,PLA,none,38.578952741623596,10.0,2.5,0.3131658401297277,0.5,0.46974876019459155
Lattice,358,PLA,dense elastomer,27.315110791179002,10.0,2.5,0.6562535436913466,0.5,0.9843803155370199
Lattice,359,PLA,foamed elastomer,27.315110791179002,10.0,2.5,0.6562535436913466,0.5,0.9843803155370199
Lattice,360,PLA,none,27.315110791179002,10.0,2.5,0.6562535436913466,0.5,0.9843803155370199
Lattice,361,PLA,dense elastomer,41.26563638365582,10.0,2.5,0.5132042631480431,0.5,0.7698063947220647
Lattice,362,PLA,foamed elastomer,41.26563638365582,10.0,2.5,0.5132042631480431,0.5,0.7698063947220647
Lattice,363,PLA,none,41.26563638365582,10.0,2.5,0.5132042631480431,0.5,0.7698063947220647
Lattice,364,PLA,dense elastomer,43.13061799668799,10.0,2.5,0.7206166817937778,0.5,1.0809250226906668
Lattice,365,PLA,foamed elastomer,43.13061799668799,10.0,2.5,0.7206166817937778,0.5,1.0809250226906668
Lattice,366,PLA,none,43.13061799668799,10.0,2.5,0.7206166817937778,0.5,1.0809250226906668
Lattice,367,PLA,dense elastomer,24.796374092364896,10.0,2.5,0.8039571569279569,0.5,1.2059357353919353
Lattice,368,PLA,foamed elastomer,24.796374092364896,10.0,2.5,0.8039571569279569,0.5,1.2059357353919353
Lattice,369,PLA,none,24.796374092364896,10.0,2.5,0.8039571569279569,0.5,1.2059357353919353
Lattice,370,PLA,dense elastomer,17.437139456228746,10.0,2.5,0.730133603728475,0.5,1.0952004055927125
Lattice,371,PLA,foamed elastomer,17.437139456228746,10.0,2.5,0.730133603728475,0.5,1.0952004055927125
Lattice,372,PLA,none,17.437139456228746,10.0,2.5,0.730133603728475,0.5,1.0952004055927125
Lattice,373,PLA,dense elastomer,31.11464568412596,10.0,2.5,0.28738120452458943,0.5,0.43107180678688417
Lattice,374,PLA,foamed elastomer,31.11464568412596,10.0,2.5,0.28738120452458943,0.5,0.43107180678688417
Lattice,375,PLA,none,31.11464568412596,10.0,2.5,0.28738120452458943,0.5,0.43107180678688417
Lattice,376,PLA,dense elastomer,30.16156024797976,10.0,2.5,0.2564832922815649,0.5,0.38472493842234734
Lattice,377,PLA,foamed elastomer,30.16156024797976,10.0,2.5,0.2564832922815649,0.5,0.38472493842234734
Lattice,378,PLA,none,30.16156024797976,10.0,2.5,0.2564832922815649,0.5,0.38472493842234734
Lattice,379,PLA,dense elastomer,23.816849955172344,10.0,2.5,1.0471052855151135,0.5,1.5706579282726703
Lattice,380,PLA,foamed elastomer,23.816849955172344,10.0,2.5,1.0471052855151135,0.5,1.5706579282726703
Lattice,381,PLA,none,23.816849955172344,10.0,2.5,1.0471052855151135,0.5,1.5706579282726703
Lattice,382,PLA,dense elastomer,44.114715115134175,10.0,2.5,1.0372172327432403,0.5,1.5558258491148604
Lattice,383,PLA,foamed elastomer,44.114715115134175,10.0,2.5,1.0372172327432403,0.5,1.5558258491148604
Lattice,384,PLA,none,44.114715115134175,10.0,2.5,1.0372172327432403,0.5,1.5558258491148604
Lattice,385,PLA,dense elastomer,34.60056647023166,10.0,2.5,0.46778579272705423,0.5,0.7016786890905813
Lattice,386,PLA,foamed elastomer,34.60056647023166,10.0,2.5,0.46778579272705423,0.5,0.7016786890905813
Lattice,387,PLA,none,34.60056647023166,10.0,2.5,0.46778579272705423,0.5,0.7016786890905813
Lattice,388,PLA,dense elastomer,40.101655906585755,10.0,2.5,0.6754841332488795,0.5,1.0132261998733192
Lattice,389,PLA,foamed elastomer,40.101655906585755,10.0,2.5,0.6754841332488795,0.5,1.0132261998733192
Lattice,390,PLA,none,40.101655906585755,10.0,2.5,0.6754841332488795,0.5,1.0132261998733192
Lattice,391,PLA,dense elastomer,25.978004902201086,10.0,2.5,0.7429548831249828,0.5,1.114432324687474
Lattice,392,PLA,foamed elastomer,25.978004902201086,10.0,2.5,0.7429548831249828,0.5,1.114432324687474
Lattice,393,PLA,none,25.978004902201086,10.0,2.5,0.7429548831249828,0.5,1.114432324687474
Lattice,394,PLA,dense elastomer,25.250680602404785,10.0,2.5,0.5497799588040733,0.5,0.8246699382061099
Lattice,395,PLA,foamed elastomer,25.250680602404785,10.0,2.5,0.5497799588040733,0.5,0.8246699382061099
Lattice,396,PLA,none,25.250680602404785,10.0,2.5,0.5497799588040733,0.5,0.8246699382061099
Lattice,397,PLA,dense elastomer,16.392074030527887,10.0,2.5,0.8375436616589351,0.5,1.2563154924884028
Lattice,398,PLA,foamed elastomer,16.392074030527887,10.0,2.5,0.8375436616589351,0.5,1.2563154924884028
Lattice,399,PLA,none,16.392074030527887,10.0,2.5,0.8375436616589351,0.5,1.2563154924884028
Lattice,400,PLA,dense elastomer,43.69574047776466,10.0,2.5,0.9227931342097297,0.5,1.3841897013145945
Lattice,401,PLA,foamed elastomer,43.69574047776466,10.0,2.5,0.9227931342097297,0.5,1.3841897013145945
Lattice,402,PLA,none,43.69574047776466,10.0,2.5,0.9227931342097297,0.5,1.3841897013145945
Lattice,403,PLA,dense elastomer,11.124668850113325,10.0,2.5,0.7531924657546738,0.5,1.1297886986320107
Lattice,404,PLA,foamed elastomer,11.124668850113325,10.0,2.5,0.7531924657546738,0.5,1.1297886986320107
Lattice,405,PLA,none,11.124668850113325,10.0,2.5,0.7531924657546738,0.5,1.1297886986320107
Lattice,406,PLA,dense elastomer,26.225573857691447,10.0,2.5,0.7818611932782549,0.5,1.1727917899173823
Lattice,407,PLA,foamed elastomer,26.225573857691447,10.0,2.5,0.7818611932782549,0.5,1.1727917899173823
Lattice,408,PLA,none,26.225573857691447,10.0,2.5,0.7818611932782549,0.5,1.1727917899173823
Lattice,409,PLA,dense elastomer,14.5900322315204,10.0,2.5,1.181122507073106,0.5,1.771683760609659
Lattice,410,PLA,foamed elastomer,14.5900322315204,10.0,2.5,1.181122507073106,0.5,1.771683760609659
Lattice,411,PLA,none,14.5900322315204,10.0,2.5,1.181122507073106,0.5,1.771683760609659
Lattice,412,PLA,dense elastomer,10.465599281892148,10.0,2.5,0.9856468245624073,0.5,1.478470236843611
Lattice,413,PLA,foamed elastomer,10.465599281892148,10.0,2.5,0.9856468245624073,0.5,1.478470236843611
Lattice,414,PLA,none,10.465599281892148,10.0,2.5,0.9856468245624073,0.5,1.478470236843611
Lattice,415,PLA,dense elastomer,22.97603847675014,10.0,2.5,0.3732597980014682,0.5,0.5598896970022023
Lattice,416,PLA,foamed elastomer,22.97603847675014,10.0,2.5,0.3732597980014682,0.5,0.5598896970022023
Lattice,417,PLA,none,22.97603847675014,10.0,2.5,0.3732597980014682,0.5,0.5598896970022023
Lattice,418,PLA,dense elastomer,29.888525246127664,10.0,2.5,0.4275074060509273,0.5,0.6412611090763909
Lattice,419,PLA,foamed elastomer,29.888525246127664,10.0,2.5,0.4275074060509273,0.5,0.6412611090763909
Lattice,420,PLA,none,29.888525246127664,10.0,2.5,0.4275074060509273,0.5,0.6412611090763909
Lattice,421,PLA,dense elastomer,17.2025995379474,10.0,2.5,0.6632852580418167,0.5,0.9949278870627251
Lattice,422,PLA,foamed elastomer,17.2025995379474,10.0,2.5,0.6632852580418167,0.5,0.9949278870627251
Lattice,423,PLA,none,17.2025995379474,10.0,2.5,0.6632852580418167,0.5,0.9949278870627251
Lattice,424,PLA,dense elastomer,42.25038651888767,10.0,2.5,0.5352186495507033,0.5,0.8028279743260549
Lattice,425,PLA,foamed elastomer,42.25038651888767,10.0,2.5,0.5352186495507033,0.5,0.8028279743260549
Lattice,426,PLA,none,42.25038651888767,10.0,2.5,0.5352186495507033,0.5,0.8028279743260549
Lattice,427,PLA,dense elastomer,22.30108195146823,10.0,2.5,0.9783912351319624,0.5,1.4675868526979436
Lattice,428,PLA,foamed elastomer,22.30108195146823,10.0,2.5,0.9783912351319624,0.5,1.4675868526979436
Lattice,429,PLA,none,22.30108195146823,10.0,2.5,0.9783912351319624,0.5,1.4675868526979436
Lattice,430,PLA,dense elastomer,33.69999557113693,10.0,2.5,0.5617433285738347,0.5,0.842614992860752
Lattice,431,PLA,foamed elastomer,33.69999557113693,10.0,2.5,0.5617433285738347,0.5,0.842614992860752
Lattice,432,PLA,none,33.69999557113693,10.0,2.5,0.5617433285738347,0.5,0.842614992860752
Lattice,433,PLA,dense elastomer,16.004905264565913,10.0,2.5,0.43666205262287205,0.5,0.6549930789343081
Lattice,434,PLA,foamed elastomer,16.004905264565913,10.0,2.5,0.43666205262287205,0.5,0.6549930789343081
Lattice,435,PLA,none,16.004905264565913,10.0,2.5,0.43666205262287205,0.5,0.6549930789343081
Lattice,436,PLA,dense elastomer,27.98280786354368,10.0,2.5,0.4194419756995028,0.5,0.6291629635492542
Lattice,437,PLA,foamed elastomer,27.98280786354368,10.0,2.5,0.4194419756995028,0.5,0.6291629635492542
Lattice,438,PLA,none,27.98280786354368,10.0,2.5,0.4194419756995028,0.5,0.6291629635492542
Lattice,439,PLA,dense elastomer,30.80961508590711,10.0,2.5,0.41093660918439023,0.5,0.6164049137765854
Lattice,440,PLA,foamed elastomer,30.80961508590711,10.0,2.5,0.41093660918439023,0.5,0.6164049137765854
Lattice,441,PLA,none,30.80961508590711,10.0,2.5,0.41093660918439023,0.5,0.6164049137765854
Lattice,442,PLA,dense elastomer,45.907129169943744,10.0,2.5,0.8991976114093686,0.5,1.348796417114053
Lattice,443,PLA,foamed elastomer,45.907129169943744,10.0,2.5,0.8991976114093686,0.5,1.348796417114053
Lattice,444,PLA,none,45.907129169943744,10.0,2.5,0.8991976114093686,0.5,1.348796417114053
Lattice,445,PLA,dense elastomer,39.26778594716163,10.0,2.5,0.4874786731162377,0.5,0.7312180096743566
Lattice,446,PLA,foamed elastomer,39.26778594716163,10.0,2.5,0.4874786731162377,0.5,0.7312180096743566
Lattice,447,PLA,none,39.26778594716163,10.0,2.5,0.4874786731162377,0.5,0.7312180096743566
Lattice,448,PLA,dense elastomer,49.064127402482455,10.0,2.5,0.8795281402982704,0.5,1.3192922104474056
Lattice,449,PLA,foamed elastomer,49.064127402482455,10.0,2.5,0.8795281402982704,0.5,1.3192922104474056
Lattice,450,PLA,none,49.064127402482455,10.0,2.5,0.8795281402982704,0.5,1.3192922104474056
Lattice,451,PLA,dense elastomer,16.77514159864601,10.0,2.5,0.3203500807323311,0.5,0.48052512109849665
Lattice,452,PLA,foamed elastomer,16.77514159864601,10.0,2.5,0.3203500807323311,0.5,0.48052512109849665
Lattice,453,PLA,none,16.77514159864601,10.0,2.5,0.3203500807323311,0.5,0.48052512109849665
Lattice,454,PLA,dense elastomer,24.38813849795184,10.0,2.5,0.758615953206226,0.5,1.137923929809339
Lattice,455,PLA,foamed elastomer,24.38813849795184,10.0,2.5,0.758615953206226,0.5,1.137923929809339
Lattice,456,PLA,none,24.38813849795184,10.0,2.5,0.758615953206226,0.5,1.137923929809339
Lattice,457,PLA,dense elastomer,20.866215703578415,10.0,2.5,0.6305697095063356,0.5,0.9458545642595034
Lattice,458,PLA,foamed elastomer,20.866215703578415,10.0,2.5,0.6305697095063356,0.5,0.9458545642595034
Lattice,459,PLA,none,20.866215703578415,10.0,2.5,0.6305697095063356,0.5,0.9458545642595034
Lattice,460,PLA,dense elastomer,21.2475453855714,10.0,2.5,0.8648806249743843,0.5,1.2973209374615764
Lattice,461,PLA,foamed elastomer,21.2475453855714,10.0,2.5,0.8648806249743843,0.5,1.2973209374615764
Lattice,462,PLA,none,21.2475453855714,10.0,2.5,0.8648806249743843,0.5,1.2973209374615764
Lattice,463,PLA,dense elastomer,15.695003786554,10.0,2.5,0.32556683971250727,0.5,0.4883502595687609
Lattice,464,PLA,foamed elastomer,15.695003786554,10.0,2.5,0.32556683971250727,0.5,0.4883502595687609
Lattice,465,PLA,none,15.695003786554,10.0,2.5,0.32556683971250727,0.5,0.4883502595687609
Lattice,466,PLA,dense elastomer,23.080365583116844,10.0,2.5,0.34208980709202563,0.5,0.5131347106380384
Lattice,467,PLA,foamed elastomer,23.080365583116844,10.0,2.5,0.34208980709202563,0.5,0.5131347106380384
Lattice,468,PLA,none,23.080365583116844,10.0,2.5,0.34208980709202563,0.5,0.5131347106380384
Lattice,469,PLA,dense elastomer,18.215702168930626,10.0,2.5,0.3792668224246995,0.5,0.5689002336370492
Lattice,470,PLA,foamed elastomer,18.215702168930626,10.0,2.5,0.3792668224246995,0.5,0.5689002336370492
Lattice,471,PLA,none,18.215702168930626,10.0,2.5,0.3792668224246995,0.5,0.5689002336370492
Lattice,472,PLA,dense elastomer,11.897618657837201,10.0,2.5,1.0802233889000172,0.5,1.6203350833500259
Lattice,473,PLA,foamed elastomer,11.897618657837201,10.0,2.5,1.0802233889000172,0.5,1.6203350833500259
Lattice,474,PLA,none,11.897618657837201,10.0,2.5,1.0802233889000172,0.5,1.6203350833500259
Lattice,475,PLA,dense elastomer,28.526298523279376,10.0,2.5,1.185175196815277,0.5,1.7777627952229156
Lattice,476,PLA,foamed elastomer,28.526298523279376,10.0,2.5,1.185175196815277,0.5,1.7777627952229156
Lattice,477,PLA,none,28.526298523279376,10.0,2.5,1.185175196815277,0.5,1.7777627952229156
Lattice,478,PLA,dense elastomer,29.7992070999591,10.0,2.5,0.6031687878565823,0.5,0.9047531817848735
Lattice,479,PLA,foamed elastomer,29.7992070999591,10.0,2.5,0.6031687878565823,0.5,0.9047531817848735
Lattice,480,PLA,none,29.7992070999591,10.0,2.5,0.6031687878565823,0.5,0.9047531817848735
Lattice,481,PLA,dense elastomer,49.22697227486463,10.0,2.5,0.25387007347318113,0.5,0.3808051102097717
Lattice,482,PLA,foamed elastomer,49.22697227486463,10.0,2.5,0.25387007347318113,0.5,0.3808051102097717
Lattice,483,PLA,none,49.22697227486463,10.0,2.5,0.25387007347318113,0.5,0.3808051102097717
Lattice,484,PLA,dense elastomer,46.191680286479745,10.0,2.5,0.45553863536865186,0.5,0.6833079530529778
Lattice,485,PLA,foamed elastomer,46.191680286479745,10.0,2.5,0.45553863536865186,0.5,0.6833079530529778
Lattice,486,PLA,none,46.191680286479745,10.0,2.5,0.45553863536865186,0.5,0.6833079530529778
Lattice,487,PLA,dense elastomer,41.118367519413006,10.0,2.5,0.48008967165611305,0.5,0.7201345074841696
Lattice,488,PLA,foamed elastomer,41.118367519413006,10.0,2.5,0.48008967165611305,0.5,0.7201345074841696
Lattice,489,PLA,none,41.118367519413006,10.0,2.5,0.48008967165611305,0.5,0.7201345074841696
Lattice,490,PLA,dense elastomer,28.723789035882184,10.0,2.5,0.5172197204162756,0.5,0.7758295806244134
Lattice,491,PLA,foamed elastomer,28.723789035882184,10.0,2.5,0.5172197204162756,0.5,0.7758295806244134
Lattice,492,PLA,none,28.723789035882184,10.0,2.5,0.5172197204162756,0.5,0.7758295806244134
Lattice,493,PLA,dense elastomer,48.73077201186341,10.0,2.5,1.2051860872724032,0.5,1.8077791309086049
Lattice,494,PLA,foamed elastomer,48.73077201186341,10.0,2.5,1.2051860872724032,0.5,1.8077791309086049
Lattice,495,PLA,none,48.73077201186341,10.0,2.5,1.2051860872724032,0.5,1.8077791309086049
Lattice,496,PLA,dense elastomer,36.22159124750877,10.0,2.5,0.4024250900868609,0.5,0.6036376351302913
Lattice,497,PLA,foamed elastomer,36.22159124750877,10.0,2.5,0.4024250900868609,0.5,0.6036376351302913
Lattice,498,PLA,none,36.22159124750877,10.0,2.5,0.4024250900868609,0.5,0.6036376351302913
Lattice,499,PLA,dense elastomer,49.61350535894796,10.0,2.5,0.5287921880919644,0.5,0.7931882821379466
Lattice,500,PLA,foamed elastomer,49.61350535894796,10.0,2.5,0.5287921880919644,0.5,0.7931882821379466
Lattice,501,PLA,none,49.61350535894796,10.0,2.5,0.5287921880919644,0.5,0.7931882821379466
Lattice,502,PLA,dense elastomer,32.47746451971014,10.0,2.5,0.52029291887601,0.5,0.7804393783140151
Lattice,503,PLA,foamed elastomer,32.47746451971014,10.0,2.5,0.52029291887601,0.5,0.7804393783140151
Lattice,504,PLA,none,32.47746451971014,10.0,2.5,0.52029291887601,0.5,0.7804393783140151
Lattice,505,PLA,dense elastomer,48.34673114477492,10.0,2.5,0.7068950067796045,0.5,1.0603425101694066
Lattice,506,PLA,foamed elastomer,48.34673114477492,10.0,2.5,0.7068950067796045,0.5,1.0603425101694066
Lattice,507,PLA,none,48.34673114477492,10.0,2.5,0.7068950067796045,0.5,1.0603425101694066
Lattice,508,PLA,dense elastomer,43.48466568217769,10.0,2.5,0.5313569260639889,0.5,0.7970353890959834
Lattice,509,PLA,foamed elastomer,43.48466568217769,10.0,2.5,0.5313569260639889,0.5,0.7970353890959834
Lattice,510,PLA,none,43.48466568217769,10.0,2.5,0.5313569260639889,0.5,0.7970353890959834
Lattice,511,PLA,dense elastomer,36.76237660305815,10.0,2.5,0.7923898404394453,0.5,1.188584760659168
Lattice,512,PLA,foamed elastomer,36.76237660305815,10.0,2.5,0.7923898404394453,0.5,1.188584760659168
Lattice,513,PLA,none,36.76237660305815,10.0,2.5,0.7923898404394453,0.5,1.188584760659168
Lattice,514,PLA,dense elastomer,32.71401247372129,10.0,2.5,1.000775810041905,0.5,1.5011637150628576
Lattice,515,PLA,foamed elastomer,32.71401247372129,10.0,2.5,1.000775810041905,0.5,1.5011637150628576
Lattice,516,PLA,none,32.71401247372129,10.0,2.5,1.000775810041905,0.5,1.5011637150628576
Lattice,517,PLA,dense elastomer,20.469860477154068,10.0,2.5,0.9178874418112906,0.5,1.3768311627169358
Lattice,518,PLA,foamed elastomer,20.469860477154068,10.0,2.5,0.9178874418112906,0.5,1.3768311627169358
Lattice,519,PLA,none,20.469860477154068,10.0,2.5,0.9178874418112906,0.5,1.3768311627169358
Lattice,520,PLA,dense elastomer,38.8950135903254,10.0,2.5,0.7952165447679782,0.5,1.1928248171519673
Lattice,521,PLA,foamed elastomer,38.8950135903254,10.0,2.5,0.7952165447679782,0.5,1.1928248171519673
Lattice,522,PLA,none,38.8950135903254,10.0,2.5,0.7952165447679782,0.5,1.1928248171519673
Lattice,523,PLA,dense elastomer,39.98110814072384,10.0,2.5,0.5433625321366709,0.5,0.8150437982050063
Lattice,524,PLA,foamed elastomer,39.98110814072384,10.0,2.5,0.5433625321366709,0.5,0.8150437982050063
Lattice,525,PLA,none,39.98110814072384,10.0,2.5,0.5433625321366709,0.5,0.8150437982050063
Lattice,526,PLA,dense elastomer,28.355494946661675,10.0,2.5,1.1403273171198225,0.5,1.7104909756797337
Lattice,527,PLA,foamed elastomer,28.355494946661675,10.0,2.5,1.1403273171198225,0.5,1.7104909756797337
Lattice,528,PLA,none,28.355494946661675,10.0,2.5,1.1403273171198225,0.5,1.7104909756797337
Lattice,529,PLA,dense elastomer,33.10420306305565,10.0,2.5,0.4969433431729215,0.5,0.7454150147593822
Lattice,530,PLA,foamed elastomer,33.10420306305565,10.0,2.5,0.4969433431729215,0.5,0.7454150147593822
Lattice,531,PLA,none,33.10420306305565,10.0,2.5,0.4969433431729215,0.5,0.7454150147593822
Lattice,532,PLA,dense elastomer,26.1573764740924,10.0,2.5,0.361149636192234,0.5,0.541724454288351
Lattice,533,PLA,foamed elastomer,26.1573764740924,10.0,2.5,0.361149636192234,0.5,0.541724454288351
Lattice,534,PLA,none,26.1573764740924,10.0,2.5,0.361149636192234,0.5,0.541724454288351
Lattice,535,PLA,dense elastomer,45.6292398339274,10.0,2.5,0.5737291202333121,0.5,0.8605936803499682
Lattice,536,PLA,foamed elastomer,45.6292398339274,10.0,2.5,0.5737291202333121,0.5,0.8605936803499682
Lattice,537,PLA,none,45.6292398339274,10.0,2.5,0.5737291202333121,0.5,0.8605936803499682
Lattice,538,PLA,dense elastomer,29.492461043293716,10.0,2.5,0.3568361861869978,0.5,0.5352542792804967
Lattice,539,PLA,foamed elastomer,29.492461043293716,10.0,2.5,0.3568361861869978,0.5,0.5352542792804967
Lattice,540,PLA,none,29.492461043293716,10.0,2.5,0.3568361861869978,0.5,0.5352542792804967
Lattice,541,PLA,dense elastomer,42.07247974228551,10.0,2.5,1.062164300446071,0.5,1.5932464506691066
Lattice,542,PLA,foamed elastomer,42.07247974228551,10.0,2.5,1.062164300446071,0.5,1.5932464506691066
Lattice,543,PLA,none,42.07247974228551,10.0,2.5,1.062164300446071,0.5,1.5932464506691066
Lattice,544,PLA,dense elastomer,49.472440669125554,10.0,2.5,0.8085107833874278,0.5,1.2127661750811416
Lattice,545,PLA,foamed elastomer,49.472440669125554,10.0,2.5,0.8085107833874278,0.5,1.2127661750811416
Lattice,546,PLA,none,49.472440669125554,10.0,2.5,0.8085107833874278,0.5,1.2127661750811416
Lattice,547,PLA,dense elastomer,28.062521716103838,10.0,2.5,0.8244924073102117,0.5,1.2367386109653176
Lattice,548,PLA,foamed elastomer,28.062521716103838,10.0,2.5,0.8244924073102117,0.5,1.2367386109653176
Lattice,549,PLA,none,28.062521716103838,10.0,2.5,0.8244924073102117,0.5,1.2367386109653176
Lattice,550,PLA,dense elastomer,43.31043623439085,10.0,2.5,0.9939050010844114,0.5,1.490857501626617
Lattice,551,PLA,foamed elastomer,43.31043623439085,10.0,2.5,0.9939050010844114,0.5,1.490857501626617
Lattice,552,PLA,none,43.31043623439085,10.0,2.5,0.9939050010844114,0.5,1.490857501626617
Lattice,553,PLA,dense elastomer,11.426498189209777,10.0,2.5,0.6114273738622354,0.5,0.9171410607933532
Lattice,554,PLA,foamed elastomer,11.426498189209777,10.0,2.5,0.6114273738622354,0.5,0.9171410607933532
Lattice,555,PLA,none,11.426498189209777,10.0,2.5,0.6114273738622354,0.5,0.9171410607933532
Lattice,556,PLA,dense elastomer,40.40910283713545,10.0,2.5,0.6220888534859406,0.5,0.9331332802289108
Lattice,557,PLA,foamed elastomer,40.40910283713545,10.0,2.5,0.6220888534859406,0.5,0.9331332802289108
Lattice,558,PLA,none,40.40910283713545,10.0,2.5,0.6220888534859406,0.5,0.9331332802289108
Lattice,559,PLA,dense elastomer,49.85565571244524,10.0,2.5,1.0951404178460376,0.5,1.6427106267690563
Lattice,560,PLA,foamed elastomer,49.85565571244524,10.0,2.5,1.0951404178460376,0.5,1.6427106267690563
Lattice,561,PLA,none,49.85565571244524,10.0,2.5,1.0951404178460376,0.5,1.6427106267690563
Lattice,562,PLA,dense elastomer,12.950703093007784,10.0,2.5,0.9018006148527715,0.5,1.3527009222791573
Lattice,563,PLA,foamed elastomer,12.950703093007784,10.0,2.5,0.9018006148527715,0.5,1.3527009222791573
Lattice,564,PLA,none,12.950703093007784,10.0,2.5,0.9018006148527715,0.5,1.3527009222791573
Lattice,565,PLA,dense elastomer,19.613301906518878,10.0,2.5,0.9308467778954475,0.5,1.3962701668431712
Lattice,566,PLA,foamed elastomer,19.613301906518878,10.0,2.5,0.9308467778954475,0.5,1.3962701668431712
Lattice,567,PLA,none,19.613301906518878,10.0,2.5,0.9308467778954475,0.5,1.3962701668431712
Lattice,568,PLA,dense elastomer,37.341502434886486,10.0,2.5,0.5833218941174134,0.5,0.8749828411761201
Lattice,569,PLA,foamed elastomer,37.341502434886486,10.0,2.5,0.5833218941174134,0.5,0.8749828411761201
Lattice,570,PLA,none,37.341502434886486,10.0,2.5,0.5833218941174134,0.5,0.8749828411761201
Lattice,571,PLA,dense elastomer,44.8662807043717,10.0,2.5,0.6263107350055808,0.5,0.9394661025083711
Lattice,572,PLA,foamed elastomer,44.8662807043717,10.0,2.5,0.6263107350055808,0.5,0.9394661025083711
Lattice,573,PLA,none,44.8662807043717,10.0,2.5,0.6263107350055808,0.5,0.9394661025083711
Lattice,574,PLA,dense elastomer,14.387647327688496,10.0,2.5,1.2192061479190839,0.5,1.8288092218786258
Lattice,575,PLA,foamed elastomer,14.387647327688496,10.0,2.5,1.2192061479190839,0.5,1.8288092218786258
Lattice,576,PLA,none,14.387647327688496,10.0,2.5,1.2192061479190839,0.5,1.8288092218786258
Lattice,577,PLA,dense elastomer,25.09459984246392,10.0,2.5,0.4754935714673332,0.5,0.7132403572009998
Lattice,578,PLA,foamed elastomer,25.09459984246392,10.0,2.5,0.4754935714673332,0.5,0.7132403572009998
Lattice,579,PLA,none,25.09459984246392,10.0,2.5,0.4754935714673332,0.5,0.7132403572009998
Lattice,580,PLA,dense elastomer,37.15944973643781,10.0,2.5,1.1298541072768906,0.5,1.694781160915336
Lattice,581,PLA,foamed elastomer,37.15944973643781,10.0,2.5,1.1298541072768906,0.5,1.694781160915336
Lattice,582,PLA,none,37.15944973643781,10.0,2.5,1.1298541072768906,0.5,1.694781160915336
Lattice,583,PLA,dense elastomer,26.609510061972294,10.0,2.5,1.059755227093535,0.5,1.5896328406403026
Lattice,584,PLA,foamed elastomer,26.609510061972294,10.0,2.5,1.059755227093535,0.5,1.5896328406403026
Lattice,585,PLA,none,26.609510061972294,10.0,2.5,1.059755227093535,0.5,1.5896328406403026
Lattice,586,PLA,dense elastomer,44.274220169328544,10.0,2.5,0.6160886190352923,0.5,0.9241329285529385
Lattice,587,PLA,foamed elastomer,44.274220169328544,10.0,2.5,0.6160886190352923,0.5,0.9241329285529385
Lattice,588,PLA,none,44.274220169328544,10.0,2.5,0.6160886190352923,0.5,0.9241329285529385
Lattice,589,PLA,dense elastomer,39.72208662761763,10.0,2.5,0.5673725059969422,0.5,0.8510587589954133
Lattice,590,PLA,foamed elastomer,39.72208662761763,10.0,2.5,0.5673725059969422,0.5,0.8510587589954133
Lattice,591,PLA,none,39.72208662761763,10.0,2.5,0.5673725059969422,0.5,0.8510587589954133
Lattice,592,PLA,dense elastomer,33.321721013225556,10.0,2.5,1.1962396294014868,0.5,1.7943594441022301
Lattice,593,PLA,foamed elastomer,33.321721013225556,10.0,2.5,1.1962396294014868,0.5,1.7943594441022301
Lattice,594,PLA,none,33.321721013225556,10.0,2.5,1.1962396294014868,0.5,1.7943594441022301
Lattice,595,PLA,dense elastomer,34.33237448233821,10.0,2.5,0.8704725022047712,0.5,1.3057087533071567
Lattice,596,PLA,foamed elastomer,34.33237448233821,10.0,2.5,0.8704725022047712,0.5,1.3057087533071567
Lattice,597,PLA,none,34.33237448233821,10.0,2.5,0.8704725022047712,0.5,1.3057087533071567
Lattice,598,PLA,dense elastomer,14.625741819059803,10.0,2.5,0.39474512633892644,0.5,0.5921176895083897
Lattice,599,PLA,foamed elastomer,14.625741819059803,10.0,2.5,0.39474512633892644,0.5,0.5921176895083897
Lattice,600,PLA,none,14.625741819059803,10.0,2.5,0.39474512633892644,0.5,0.5921176895083897
Lattice,601,PLA,dense elastomer,43.98135755984888,10.0,2.5,0.7464639634606064,0.5,1.1196959451909096
Lattice,602,PLA,foamed elastomer,43.98135755984888,10.0,2.5,0.7464639634606064,0.5,1.1196959451909096
Lattice,603,PLA,none,43.98135755984888,10.0,2.5,0.7464639634606064,0.5,1.1196959451909096
Lattice,604,PLA,dense elastomer,36.49467825613828,10.0,2.5,0.29519171139540856,0.5,0.44278756709311284
Lattice,605,PLA,foamed elastomer,36.49467825613828,10.0,2.5,0.29519171139540856,0.5,0.44278756709311284
Lattice,606,PLA,none,36.49467825613828,10.0,2.5,0.29519171139540856,0.5,0.44278756709311284
Lattice,607,PLA,dense elastomer,48.9891126110811,10.0,2.5,0.27678927312299406,0.5,0.4151839096844911
Lattice,608,PLA,foamed elastomer,48.9891126110811,10.0,2.5,0.27678927312299406,0.5,0.4151839096844911
Lattice,609,PLA,none,48.9891126110811,10.0,2.5,0.27678927312299406,0.5,0.4151839096844911
Lattice,610,PLA,dense elastomer,45.023364672890295,10.0,2.5,1.1039498389026325,0.5,1.6559247583539487
Lattice,611,PLA,foamed elastomer,45.023364672890295,10.0,2.5,1.1039498389026325,0.5,1.6559247583539487
Lattice,612,PLA,none,45.023364672890295,10.0,2.5,1.1039498389026325,0.5,1.6559247583539487
Lattice,613,PLA,dense elastomer,17.77150251201545,10.0,2.5,0.9505628290373958,0.5,1.4258442435560936
Lattice,614,PLA,foamed elastomer,17.77150251201545,10.0,2.5,0.9505628290373958,0.5,1.4258442435560936
Lattice,615,PLA,none,17.77150251201545,10.0,2.5,0.9505628290373958,0.5,1.4258442435560936
Lattice,616,PLA,dense elastomer,36.96709682716452,10.0,2.5,0.588576298455509,0.5,0.8828644476832634
Lattice,617,PLA,foamed elastomer,36.96709682716452,10.0,2.5,0.588576298455509,0.5,0.8828644476832634
Lattice,618,PLA,none,36.96709682716452,10.0,2.5,0.588576298455509,0.5,0.8828644476832634
Lattice,619,PLA,dense elastomer,32.18247372470079,10.0,2.5,0.6089824103786392,0.5,0.9134736155679588
Lattice,620,PLA,foamed elastomer,32.18247372470079,10.0,2.5,0.6089824103786392,0.5,0.9134736155679588
Lattice,621,PLA,none,32.18247372470079,10.0,2.5,0.6089824103786392,0.5,0.9134736155679588
Lattice,622,PLA,dense elastomer,40.746310298889696,10.0,2.5,0.4929491899986159,0.5,0.7394237849979239
Lattice,623,PLA,foamed elastomer,40.746310298889696,10.0,2.5,0.4929491899986159,0.5,0.7394237849979239
Lattice,624,PLA,none,40.746310298889696,10.0,2.5,0.4929491899986159,0.5,0.7394237849979239
Lattice,625,PLA,dense elastomer,48.01341404543426,10.0,2.5,1.0196844354925312,0.5,1.5295266532387968
Lattice,626,PLA,foamed elastomer,48.01341404543426,10.0,2.5,1.0196844354925312,0.5,1.5295266532387968
Lattice,627,PLA,none,48.01341404543426,10.0,2.5,1.0196844354925312,0.5,1.5295266532387968
