Unit Cell,ID,Stiff material,Infill material,Unit cell width [mm],Unit cell height [mm],Out of plane thickness [mm],Strut thickness [mm],Fillet radius [mm],Interface length [mm],Upper strut length [mm],Lower strut length [mm]
Re-entrant,1,PLA,dense elastomer,10,10,2.5,0.25,0.05,0.25,1.25,1.25
Re-entrant,2,PLA,foamed elastomer,10,10,2.5,0.25,0.05,0.25,1.25,1.25
Re-entrant,3,PLA,none,10,10,2.5,0.25,0.05,0.25,1.25,1.25
Re-entrant,4,PLA,dense elastomer,10,10,2.5,0.25,0.05,0.25,2.75,1.25
Re-entrant,5,PLA,foamed elastomer,10,10,2.5,0.25,0.05,0.25,2.75,1.25
Re-entrant,6,PLA,none,10,10,2.5,0.25,0.05,0.25,2.75,1.25
Re-entrant,7,PLA,dense elastomer,10,10,2.5,0.25,0.05,0.25,4.25,1.25
Re-entrant,8,PLA,foamed elastomer,10,10,2.5,0.25,0.05,0.25,4.25,1.25
Re-entrant,9,PLA,none,10,10,2.5,0.25,0.05,0.25,4.25,1.25
Re-entrant,10,PLA,dense elastomer,10,10,2.5,0.25,0.05,0.25,1.25,2.75
Re-entrant,11,PLA,foamed elastomer,10,10,2.5,0.25,0.05,0.25,1.25,2.75
Re-entrant,12,PLA,none,10,10,2.5,0.25,0.05,0.25,1.25,2.75
Re-entrant,13,PLA,dense elastomer,10,10,2.5,0.25,0.05,0.25,2.75,2.75
Re-entrant,14,PLA,foamed elastomer,10,10,2.5,0.25,0.05,0.25,2.75,2.75
Re-entrant,15,PLA,none,10,10,2.5,0.25,0.05,0.25,2.75,2.75
Re-entrant,16,PLA,dense elastomer,10,10,2.5,0.25,0.05,0.25,4.25,2.75
Re-entrant,17,PLA,foamed elastomer,10,10,2.5,0.25,0.05,0.25,4.25,2.75
Re-entrant,18,PLA,none,10,10,2.5,0.25,0.05,0.25,4.25,2.75
Re-entrant,19,PLA,dense elastomer,10,10,2.5,0.25,0.05,0.25,1.25,4.25
Re-entrant,20,PLA,foamed elastomer,10,10,2.5,0.25,0.05,0.25,1.25,4.25
Re-entrant,21,PLA,none,10,10,2.5,0.25,0.05,0.25,1.25,4.25
Re-entrant,22,PLA,dense elastomer,10,10,2.5,0.25,0.05,0.25,2.75,4.25
Re-entrant,23,PLA,foamed elastomer,10,10,2.5,0.25,0.05,0.25,2.75,4.25
Re-entrant,24,PLA,none,10,10,2.5,0.25,0.05,0.25,2.75,4.25
Re-entrant,25,PLA,dense elastomer,10,10,2.5,0.25,0.05,0.25,4.25,4.25
Re-entrant,26,PLA,foamed elastomer,10,10,2.5,0.25,0.05,0.25,4.25,4.25
Re-entrant,27,PLA,none,10,10,2.5,0.25,0.05,0.25,4.25,4.25
Re-entrant,28,PLA,dense elastomer,10,10,2.5,0.75,0.05,0.75,1.25,1.25
Re-entrant,29,PLA,foamed elastomer,10,10,2.5,0.75,0.05,0.75,1.25,1.25
Re-entrant,30,PLA,none,10,10,2.5,0.75,0.05,0.75,1.25,1.25
Re-entrant,31,PLA,dense elastomer,10,10,2.5,0.75,0.05,0.75,2.75,1.25
Re-entrant,32,PLA,foamed elastomer,10,10,2.5,0.75,0.05,0.75,2.75,1.25
Re-entrant,33,PLA,none,10,10,2.5,0.75,0.05,0.75,2.75,1.25
Re-entrant,34,PLA,dense elastomer,10,10,2.5,0.75,0.05,0.75,4.25,1.25
Re-entrant,35,PLA,foamed elastomer,10,10,2.5,0.75,0.05,0.75,4.25,1.25
Re-entrant,36,PLA,none,10,10,2.5,0.75,0.05,0.75,4.25,1.25
Re-entrant,37,PLA,dense elastomer,10,10,2.5,0.75,0.05,0.75,1.25,2.75
Re-entrant,38,PLA,foamed elastomer,10,10,2.5,0.75,0.05,0.75,1.25,2.75
Re-entrant,39,PLA,none,10,10,2.5,0.75,0.05,0.75,1.25,2.75
Re-entrant,40,PLA,dense elastomer,10,10,2.5,0.75,0.05,0.75,2.75,2.75
Re-entrant,41,PLA,foamed elastomer,10,10,2.5,0.75,0.05,0.75,2.75,2.75
Re-entrant,42,PLA,none,10,10,2.5,0.75,0.05,0.75,2.75,2.75
Re-entrant,43,PLA,dense elastomer,10,10,2.5,0.75,0.05,0.75,4.25,2.75
Re-entrant,44,PLA,foamed elastomer,10,10,2.5,0.75,0.05,0.75,4.25,2.75
Re-entrant,45,PLA,none,10,10,2.5,0.75,0.05,0.75,4.25,2.75
Re-entrant,46,PLA,dense elastomer,10,10,2.5,0.75,0.05,0.75,1.25,4.25
Re-entrant,47,PLA,foamed elastomer,10,10,2.5,0.75,0.05,0.75,1.25,4.25
Re-entrant,48,PLA,none,10,10,2.5,0.75,0.05,0.75,1.25,4.25
Re-entrant,49,PLA,dense elastomer,10,10,2.5,0.75,0.05,0.75,2.75,4.25
Re-entrant,50,PLA,foamed elastomer,10,10,2.5,0.75,0.05,0.75,2.75,4.25
Re-entrant,51,PLA,none,10,10,2.5,0.75,0.05,0.75,2.75,4.25
Re-entrant,52,PLA,dense elastomer,10,10,2.5,0.75,0.05,0.75,4.25,4.25
Re-entrant,53,PLA,foamed elastomer,10,10,2.5,0.75,0.05,0.75,4.25,4.25
Re-entrant,54,PLA,none,10,10,2.5,0.75,0.05,0.75,4.25,4.25
Re-entrant,55,PLA,dense elastomer,10,10,2.5,1.25,0.05,1.25,1.25,1.25
Re-entrant,56,PLA,foamed elastomer,10,10,2.5,1.25,0.05,1.25,1.25,1.25
Re-entrant,57,PLA,none,10,10,2.5,1.25,0.05,1.25,1.25,1.25
Re-entrant,58,PLA,dense elastomer,10,10,2.5,1.25,0.05,1.25,2.75,1.25
Re-entrant,59,PLA,foamed elastomer,10,10,2.5,1.25,0.05,1.25,2.75,1.25
Re-entrant,60,PLA,none,10,10,2.5,1.25,0.05,1.25,2.75,1.25
Re-entrant,61,PLA,dense elastomer,10,10,2.5,1.25,0.05,1.25,4.25,1.25
Re-entrant,62,PLA,foamed elastomer,10,10,2.5,1.25,0.05,1.25,4.25,1.25
Re-entrant,63,PLA,none,10,10,2.5,1.25,0.05,1.25,4.25,1.25
Re-entrant,64,PLA,dense elastomer,10,10,2.5,1.25,0.05,1.25,1.25,2.75
Re-entrant,65,PLA,foamed elastomer,10,10,2.5,1.25,0.05,1.25,1.25,2.75
Re-entrant,66,PLA,none,10,10,2.5,1.25,0.05,1.25,1.25,2.75
Re-entrant,67,PLA,dense elastomer,10,10,2.5,1.25,0.05,1.25,2.75,2.75
Re-entrant,68,PLA,foamed elastomer,10,10,2.5,1.25,0.05,1.25,2.75,2.75
Re-entrant,69,PLA,none,10,10,2.5,1.25,0.05,1.25,2.75,2.75
Re-entrant,70,PLA,dense elastomer,10,10,2.5,1.25,0.05,1.25,4.25,2.75
Re-entrant,71,PLA,foamed elastomer,10,10,2.5,1.25,0.05,1.25,4.25,2.75
Re-entrant,72,PLA,none,10,10,2.5,1.25,0.05,1.25,4.25,2.75
Re-entrant,73,PLA,dense elastomer,10,10,2.5,1.25,0.05,1.25,1.25,4.25
Re-entrant,74,PLA,foamed elastomer,10,10,2.5,1.25,0.05,1.25,1.25,4.25
Re-entrant,75,PLA,none,10,10,2.5,1.25,0.05,1.25,1.25,4.25
Re-entrant,76,PLA,dense elastomer,10,10,2.5,1.25,0.05,1.25,2.75,4.25
Re-entrant,77,PLA,foamed elastomer,10,10,2.5,1.25,0.05,1.25,2.75,4.25
Re-entrant,78,PLA,none,10,10,2.5,1.25,0.05,1.25,2.75,4.25
Re-entrant,79,PLA,dense elastomer,10,10,2.5,1.25,0.05,1.25,4.25,4.25
Re-entrant,80,PLA,foamed elastomer,10,10,2.5,1.25,0.05,1.25,4.25,4.25
Re-entrant,81,PLA,none,10,10,2.5,1.25,0.05,1.25,4.25,4.25
Re-entrant,82,PLA,dense elastomer,30,10,2.5,0.25,0.05,0.25,3.75,3.75
Re-entrant,83,PLA,foamed elastomer,30,10,2.5,0.25,0.05,0.25,3.75,3.75
Re-entrant,84,PLA,none,30,10,2.5,0.25,0.05,0.25,3.75,3.75
Re-entrant,85,PLA,dense elastomer,30,10,2.5,0.25,0.05,0.25,8.25,3.75
Re-entrant,86,PLA,foamed elastomer,30,10,2.5,0.25,0.05,0.25,8.25,3.75
Re-entrant,87,PLA,none,30,10,2.5,0.25,0.05,0.25,8.25,3.75
Re-entrant,88,PLA,dense elastomer,30,10,2.5,0.25,0.05,0.25,12.75,3.75
Re-entrant,89,PLA,foamed elastomer,30,10,2.5,0.25,0.05,0.25,12.75,3.75
Re-entrant,90,PLA,none,30,10,2.5,0.25,0.05,0.25,12.75,3.75
Re-entrant,91,PLA,dense elastomer,30,10,2.5,0.25,0.05,0.25,3.75,8.25
Re-entrant,92,PLA,foamed elastomer,30,10,2.5,0.25,0.05,0.25,3.75,8.25
Re-entrant,93,PLA,none,30,10,2.5,0.25,0.05,0.25,3.75,8.25
Re-entrant,94,PLA,dense elastomer,30,10,2.5,0.25,0.05,0.25,8.25,8.25
Re-entrant,95,PLA,foamed elastomer,30,10,2.5,0.25,0.05,0.25,8.25,8.25
Re-entrant,96,PLA,none,30,10,2.5,0.25,0.05,0.25,8.25,8.25
Re-entrant,97,PLA,dense elastomer,30,10,2.5,0.25,0.05,0.25,12.75,8.25
Re-entrant,98,PLA,foamed elastomer,30,10,2.5,0.25,0.05,0.25,12.75,8.25
Re-entrant,99,PLA,none,30,10,2.5,0.25,0.05,0.25,12.75,8.25
Re-entrant,100,PLA,dense elastomer,30,10,2.5,0.25,0.05,0.25,3.75,12.75
Re-entrant,101,PLA,foamed elastomer,30,10,2.5,0.25,0.05,0.25,3.75,12.75
Re-entrant,102,PLA,none,30,10,2.5,0.25,0.05,0.25,3.75,12.75
Re-entrant,103,PLA,dense elastomer,30,10,2.5,0.25,0.05,0.25,8.25,12.75
Re-entrant,104,PLA,foamed elastomer,30,10,2.5,0.25,0.05,0.25,8.25,12.75
Re-entrant,105,PLA,none,30,10,2.5,0.25,0.05,0.25,8.25,12.75
Re-entrant,106,PLA,dense elastomer,30,10,2.5,0.25,0.05,0.25,12.75,12.75
Re-entrant,107,PLA,foamed elastomer,30,10,2.5,0.25,0.05,0.25,12.75,12.75
Re-entrant,108,PLA,none,30,10,2.5,0.25,0.05,0.25,12.75,12.75
Re-entrant,109,PLA,dense elastomer,30,10,2.5,0.75,0.05,0.75,3.75,3.75
Re-entrant,110,PLA,foamed elastomer,30,10,2.5,0.75,0.05,0.75,3.75,3.75
Re-entrant,111,PLA,none,30,10,2.5,0.75,0.05,0.75,3.75,3.75
Re-entrant,112,PLA,dense elastomer,30,10,2.5,0.75,0.05,0.75,8.25,3.75
Re-entrant,113,PLA,foamed elastomer,30,10,2.5,0.75,0.05,0.75,8.25,3.75
Re-entrant,114,PLA,none,30,10,2.5,0.75,0.05,0.75,8.25,3.75
Re-entrant,115,PLA,dense elastomer,30,10,2.5,0.75,0.05,0.75,12.75,3.75
Re-entrant,116,PLA,foamed elastomer,30,10,2.5,0.75,0.05,0.75,12.75,3.75
Re-entrant,117,PLA,none,30,10,2.5,0.75,0.05,0.75,12.75,3.75
Re-entrant,118,PLA,dense elastomer,30,10,2.5,0.75,0.05,0.75,3.75,8.25
Re-entrant,119,PLA,foamed elastomer,30,10,2.5,0.75,0.05,0.75,3.75,8.25
Re-entrant,120,PLA,none,30,10,2.5,0.75,0.05,0.75,3.75,8.25
Re-entrant,121,PLA,dense elastomer,30,10,2.5,0.75,0.05,0.75,8.25,8.25
Re-entrant,122,PLA,foamed elastomer,30,10,2.5,0.75,0.05,0.75,8.25,8.25
Re-entrant,123,PLA,none,30,10,2.5,0.75,0.05,0.75,8.25,8.25
Re-entrant,124,PLA,dense elastomer,30,10,2.5,0.75,0.05,0.75,12.75,8.25
Re-entrant,125,PLA,foamed elastomer,30,10,2.5,0.75,0.05,0.75,12.75,8.25
Re-entrant,126,PLA,none,30,10,2.5,0.75,0.05,0.75,12.75,8.25
Re-entrant,127,PLA,dense elastomer,30,10,2.5,0.75,0.05,0.75,3.75,12.75
Re-entrant,128,PLA,foamed elastomer,30,10,2.5,0.75,0.05,0.75,3.75,12.75
Re-entrant,129,PLA,none,30,10,2.5,0.75,0.05,0.75,3.75,12.75
Re-entrant,130,PLA,dense elastomer,30,10,2.5,0.75,0.05,0.75,8.25,12.75
Re-entrant,131,PLA,foamed elastomer,30,10,2.5,0.75,0.05,0.75,8.25,12.75
Re-entrant,132,PLA,none,30,10,2.5,0.75,0.05,0.75,8.25,12.75
Re-entrant,133,PLA,dense elastomer,30,10,2.5,0.75,0.05,0.75,12.75,12.75
Re-entrant,134,PLA,foamed elastomer,30,10,2.5,0.75,0.05,0.75,12.75,12.75
Re-entrant,135,PLA,none,30,10,2.5,0.75,0.05,0.75,12.75,12.75
Re-entrant,136,PLA,dense elastomer,30,10,2.5,1.25,0.05,1.25,3.75,3.75
Re-entrant,137,PLA,foamed elastomer,30,10,2.5,1.25,0.05,1.25,3.75,3.75
Re-entrant,138,PLA,none,30,10,2.5,1.25,0.05,1.25,3.75,3.75
Re-entrant,139,PLA,dense elastomer,30,10,2.5,1.25,0.05,1.25,8.25,3.75
Re-entrant,140,PLA,foamed elastomer,30,10,2.5,1.25,0.05,1.25,8.25,3.75
Re-entrant,141,PLA,none,30,10,2.5,1.25,0.05,1.25,8.25,3.75
Re-entrant,142,PLA,dense elastomer,30,10,2.5,1.25,0.05,1.25,12.75,3.75
Re-entrant,143,PLA,foamed elastomer,30,10,2.5,1.25,0.05,1.25,12.75,3.75
Re-entrant,144,PLA,none,30,10,2.5,1.25,0.05,1.25,12.75,3.75
Re-entrant,145,PLA,dense elastomer,30,10,2.5,1.25,0.05,1.25,3.75,8.25
Re-entrant,146,PLA,foamed elastomer,30,10,2.5,1.25,0.05,1.25,3.75,8.25
Re-entrant,147,PLA,none,30,10,2.5,1.25,0.05,1.25,3.75,8.25
Re-entrant,148,PLA,dense elastomer,30,10,2.5,1.25,0.05,1.25,8.25,8.25
Re-entrant,149,PLA,foamed elastomer,30,10,2.5,1.25,0.05,1.25,8.25,8.25
Re-entrant,150,PLA,none,30,10,2.5,1.25,0.05,1.25,8.25,8.25
Re-entrant,151,PLA,dense elastomer,30,10,2.5,1.25,0.05,1.25,12.75,8.25
Re-entrant,152,PLA,foamed elastomer,30,10,2.5,1.25,0.05,1.25,12.75,8.25
Re-entrant,153,PLA,none,30,10,2.5,1.25,0.05,1.25,12.75,8.25
Re-entrant,154,PLA,dense elastomer,30,10,2.5,1.25,0.05,1.25,3.75,12.75
Re-entrant,155,PLA,foamed elastomer,30,10,2.5,1.25,0.05,1.25,3.75,12.75
Re-entrant,156,PLA,none,30,10,2.5,1.25,0.05,1.25,3.75,12.75
Re-entrant,157,PLA,dense elastomer,30,10,2.5,1.25,0.05,1.25,8.25,12.75
Re-entrant,158,PLA,foamed elastomer,30,10,2.5,1.25,0.05,1.25,8.25,12.75
Re-entrant,159,PLA,none,30,10,2.5,1.25,0.05,1.25,8.25,12.75
Re-entrant,160,PLA,dense elastomer,30,10,2.5,1.25,0.05,1.25,12.75,12.75
Re-entrant,161,PLA,foamed elastomer,30,10,2.5,1.25,0.05,1.25,12.75,12.75
Re-entrant,162,PLA,none,30,10,2.5,1.25,0.05,1.25,12.75,12.75
Re-entrant,163,PLA,dense elastomer,50,10,2.5,0.25,0.05,0.25,6.25,6.25
Re-entrant,164,PLA,foamed elastomer,50,10,2.5,0.25,0.05,0.25,6.25,6.25
Re-entrant,165,PLA,none,50,10,2.5,0.25,0.05,0.25,6.25,6.25
Re-entrant,166,PLA,dense elastomer,50,10,2.5,0.25,0.05,0.25,13.75,6.25
Re-entrant,167,PLA,foamed elastomer,50,10,2.5,0.25,0.05,0.25,13.75,6.25
Re-entrant,168,PLA,none,50,10,2.5,0.25,0.05,0.25,13.75,6.25
Re-entrant,169,PLA,dense elastomer,50,10,2.5,0.25,0.05,0.25,21.25,6.25
Re-entrant,170,PLA,foamed elastomer,50,10,2.5,0.25,0.05,0.25,21.25,6.25
Re-entrant,171,PLA,none,50,10,2.5,0.25,0.05,0.25,21.25,6.25
Re-entrant,172,PLA,dense elastomer,50,10,2.5,0.25,0.05,0.25,6.25,13.75
Re-entrant,173,PLA,foamed elastomer,50,10,2.5,0.25,0.05,0.25,6.25,13.75
Re-entrant,174,PLA,none,50,10,2.5,0.25,0.05,0.25,6.25,13.75
Re-entrant,175,PLA,dense elastomer,50,10,2.5,0.25,0.05,0.25,13.75,13.75
Re-entrant,176,PLA,foamed elastomer,50,10,2.5,0.25,0.05,0.25,13.75,13.75
Re-entrant,177,PLA,none,50,10,2.5,0.25,0.05,0.25,13.75,13.75
Re-entrant,178,PLA,dense elastomer,50,10,2.5,0.25,0.05,0.25,21.25,13.75
Re-entrant,179,PLA,foamed elastomer,50,10,2.5,0.25,0.05,0.25,21.25,13.75
Re-entrant,180,PLA,none,50,10,2.5,0.25,0.05,0.25,21.25,13.75
Re-entrant,181,PLA,dense elastomer,50,10,2.5,0.25,0.05,0.25,6.25,21.25
Re-entrant,182,PLA,foamed elastomer,50,10,2.5,0.25,0.05,0.25,6.25,21.25
Re-entrant,183,PLA,none,50,10,2.5,0.25,0.05,0.25,6.25,21.25
Re-entrant,184,PLA,dense elastomer,50,10,2.5,0.25,0.05,0.25,13.75,21.25
Re-entrant,185,PLA,foamed elastomer,50,10,2.5,0.25,0.05,0.25,13.75,21.25
Re-entrant,186,PLA,none,50,10,2.5,0.25,0.05,0.25,13.75,21.25
Re-entrant,187,PLA,dense elastomer,50,10,2.5,0.25,0.05,0.25,21.25,21.25
Re-entrant,188,PLA,foamed elastomer,50,10,2.5,0.25,0.05,0.25,21.25,21.25
Re-entrant,189,PLA,none,50,10,2.5,0.25,0.05,0.25,21.25,21.25
Re-entrant,190,PLA,dense elastomer,50,10,2.5,0.75,0.05,0.75,6.25,6.25
Re-entrant,191,PLA,foamed elastomer,50,10,2.5,0.75,0.05,0.75,6.25,6.25
Re-entrant,192,PLA,none,50,10,2.5,0.75,0.05,0.75,6.25,6.25
Re-entrant,193,PLA,dense elastomer,50,10,2.5,0.75,0.05,0.75,13.75,6.25
Re-entrant,194,PLA,foamed elastomer,50,10,2.5,0.75,0.05,0.75,13.75,6.25
Re-entrant,195,PLA,none,50,10,2.5,0.75,0.05,0.75,13.75,6.25
Re-entrant,196,PLA,dense elastomer,50,10,2.5,0.75,0.05,0.75,21.25,6.25
Re-entrant,197,PLA,foamed elastomer,50,10,2.5,0.75,0.05,0.75,21.25,6.25
Re-entrant,198,PLA,none,50,10,2.5,0.75,0.05,0.75,21.25,6.25
Re-entrant,199,PLA,dense elastomer,50,10,2.5,0.75,0.05,0.75,6.25,13.75
Re-entrant,200,PLA,foamed elastomer,50,10,2.5,0.75,0.05,0.75,6.25,13.75
Re-entrant,201,PLA,none,50,10,2.5,0.75,0.05,0.75,6.25,13.75
Re-entrant,202,PLA,dense elastomer,50,10,2.5,0.75,0.05,0.75,13.75,13.75
Re-entrant,203,PLA,foamed elastomer,50,10,2.5,0.75,0.05,0.75,13.75,13.75
Re-entrant,204,PLA,none,50,10,2.5,0.75,0.05,0.75,13.75,13.75
Re-entrant,205,PLA,dense elastomer,50,10,2.5,0.75,0.05,0.75,21.25,13.75
Re-entrant,206,PLA,foamed elastomer,50,10,2.5,0.75,0.05,0.75,21.25,13.75
Re-entrant,207,PLA,none,50,10,2.5,0.75,0.05,0.75,21.25,13.75
Re-entrant,208,PLA,dense elastomer,50,10,2.5,0.75,0.05,0.75,6.25,21.25
Re-entrant,209,PLA,foamed elastomer,50,10,2.5,0.75,0.05,0.75,6.25,21.25
Re-entrant,210,PLA,none,50,10,2.5,0.75,0.05,0.75,6.25,21.25
Re-entrant,211,PLA,dense elastomer,50,10,2.5,0.75,0.05,0.75,13.75,21.25
Re-entrant,212,PLA,foamed elastomer,50,10,2.5,0.75,0.05,0.75,13.75,21.25
Re-entrant,213,PLA,none,50,10,2.5,0.75,0.05,0.75,13.75,21.25
Re-entrant,214,PLA,dense elastomer,50,10,2.5,0.75,0.05,0.75,21.25,21.25
Re-entrant,215,PLA,foamed elastomer,50,10,2.5,0.75,0.05,0.75,21.25,21.25
Re-entrant,216,PLA,none,50,10,2.5,0.75,0.05,0.75,21.25,21.25
Re-entrant,217,PLA,dense elastomer,50,10,2.5,1.25,0.05,1.25,6.25,6.25
Re-entrant,218,PLA,foamed elastomer,50,10,2.5,1.25,0.05,1.25,6.25,6.25
Re-entrant,219,PLA,none,50,10,2.5,1.25,0.05,1.25,6.25,6.25
Re-entrant,220,PLA,dense elastomer,50,10,2.5,1.25,0.05,1.25,13.75,6.25
Re-entrant,221,PLA,foamed elastomer,50,10,2.5,1.25,0.05,1.25,13.75,6.25
Re-entrant,222,PLA,none,50,10,2.5,1.25,0.05,1.25,13.75,6.25
Re-entrant,223,PLA,dense elastomer,50,10,2.5,1.25,0.05,1.25,21.25,6.25
Re-entrant,224,PLA,foamed elastomer,50,10,2.5,1.25,0.05,1.25,21.25,6.25
Re-entrant,225,PLA,none,50,10,2.5,1.25,0.05,1.25,21.25,6.25
Re-entrant,226,PLA,dense elastomer,50,10,2.5,1.25,0.05,1.25,6.25,13.75
Re-entrant,227,PLA,foamed elastomer,50,10,2.5,1.25,0.05,1.25,6.25,13.75
Re-entrant,228,PLA,none,50,10,2.5,1.25,0.05,1.25,6.25,13.75
Re-entrant,229,PLA,dense elastomer,50,10,2.5,1.25,0.05,1.25,13.75,13.75
Re-entrant,230,PLA,foamed elastomer,50,10,2.5,1.25,0.05,1.25,13.75,13.75
Re-entrant,231,PLA,none,50,10,2.5,1.25,0.05,1.25,13.75,13.75
Re-entrant,232,PLA,dense elastomer,50,10,2.5,1.25,0.05,1.25,21.25,13.75
Re-entrant,233,PLA,foamed elastomer,50,10,2.5,1.25,0.05,1.25,21.25,13.75
Re-entrant,234,PLA,none,50,10,2.5,1.25,0.05,1.25,21.25,13.75
Re-entrant,235,PLA,dense elastomer,50,10,2.5,1.25,0.05,1.25,6.25,21.25
Re-entrant,236,PLA,foamed elastomer,50,10,2.5,1.25,0.05,1.25,6.25,21.25
Re-entrant,237,PLA,none,50,10,2.5,1.25,0.05,1.25,6.25,21.25
Re-entrant,238,PLA,dense elastomer,50,10,2.5,1.25,0.05,1.25,13.75,21.25
Re-entrant,239,PLA,foamed elastomer,50,10,2.5,1.25,0.05,1.25,13.75,21.25
Re-entrant,240,PLA,none,50,10,2.5,1.25,0.05,1.25,13.75,21.25
Re-entrant,241,PLA,dense elastomer,50,10,2.5,1.25,0.05,1.25,21.25,21.25
Re-entrant,242,PLA,foamed elastomer,50,10,2.5,1.25,0.05,1.25,21.25,21.25
Re-entrant,243,PLA,none,50,10,2.5,1.25,0.05,1.25,21.25,21.25
Re-entrant,244,PLA,dense elastomer,16.07611845,10,2.5,1.09223601,0.05,1.09223601,5.572949744,4.879046794
Re-entrant,245,PLA,foamed elastomer,16.07611845,10,2.5,1.09223601,0.05,1.09223601,5.572949744,4.879046794
Re-entrant,246,PLA,none,16.07611845,10,2.5,1.09223601,0.05,1.09223601,5.572949744,4.879046794
Re-entrant,247,PLA,dense elastomer,23.29930079,10,2.5,0.435120918,0.05,0.435120918,5.232369862,4.65528953
Re-entrant,248,PLA,foamed elastomer,23.29930079,10,2.5,0.435120918,0.05,0.435120918,5.232369862,4.65528953
Re-entrant,249,PLA,none,23.29930079,10,2.5,0.435120918,0.05,0.435120918,5.232369862,4.65528953
Re-entrant,250,PLA,dense elastomer,10.26630807,10,2.5,0.304552127,0.05,0.304552127,2.51508648,3.617302101
Re-entrant,251,PLA,foamed elastomer,10.26630807,10,2.5,0.304552127,0.05,0.304552127,2.51508648,3.617302101
Re-entrant,252,PLA,none,10.26630807,10,2.5,0.304552127,0.05,0.304552127,2.51508648,3.617302101
Re-entrant,253,PLA,dense elastomer,45.049296,10,2.5,0.37301263,0.05,0.37301263,11.8434571,6.342988456
Re-entrant,254,PLA,foamed elastomer,45.049296,10,2.5,0.37301263,0.05,0.37301263,11.8434571,6.342988456
Re-entrant,255,PLA,none,45.049296,10,2.5,0.37301263,0.05,0.37301263,11.8434571,6.342988456
Re-entrant,256,PLA,dense elastomer,44.1571347,10,2.5,1.237999205,0.05,1.237999205,13.6780945,10.50167814
Re-entrant,257,PLA,foamed elastomer,44.1571347,10,2.5,1.237999205,0.05,1.237999205,13.6780945,10.50167814
Re-entrant,258,PLA,none,44.1571347,10,2.5,1.237999205,0.05,1.237999205,13.6780945,10.50167814
Re-entrant,259,PLA,dense elastomer,33.72605056,10,2.5,0.824675214,0.05,0.824675214,11.47812683,11.31920227
Re-entrant,260,PLA,foamed elastomer,33.72605056,10,2.5,0.824675214,0.05,0.824675214,11.47812683,11.31920227
Re-entrant,261,PLA,none,33.72605056,10,2.5,0.824675214,0.05,0.824675214,11.47812683,11.31920227
Re-entrant,262,PLA,dense elastomer,22.17322316,10,2.5,1.08617051,0.05,1.08617051,3.897199664,8.285267666
Re-entrant,263,PLA,foamed elastomer,22.17322316,10,2.5,1.08617051,0.05,1.08617051,3.897199664,8.285267666
Re-entrant,264,PLA,none,22.17322316,10,2.5,1.08617051,0.05,1.08617051,3.897199664,8.285267666
Re-entrant,265,PLA,dense elastomer,31.81687512,10,2.5,0.885695169,0.05,0.885695169,5.920576844,13.10671525
Re-entrant,266,PLA,foamed elastomer,31.81687512,10,2.5,0.885695169,0.05,0.885695169,5.920576844,13.10671525
Re-entrant,267,PLA,none,31.81687512,10,2.5,0.885695169,0.05,0.885695169,5.920576844,13.10671525
Re-entrant,268,PLA,dense elastomer,48.61903212,10,2.5,0.927364363,0.05,0.927364363,10.29289988,20.23483518
Re-entrant,269,PLA,foamed elastomer,48.61903212,10,2.5,0.927364363,0.05,0.927364363,10.29289988,20.23483518
Re-entrant,270,PLA,none,48.61903212,10,2.5,0.927364363,0.05,0.927364363,10.29289988,20.23483518
Re-entrant,271,PLA,dense elastomer,27.11433646,10,2.5,1.100811715,0.05,1.100811715,11.30500765,6.711638158
Re-entrant,272,PLA,foamed elastomer,27.11433646,10,2.5,1.100811715,0.05,1.100811715,11.30500765,6.711638158
Re-entrant,273,PLA,none,27.11433646,10,2.5,1.100811715,0.05,1.100811715,11.30500765,6.711638158
Re-entrant,274,PLA,dense elastomer,29.93346161,10,2.5,0.284708583,0.05,0.284708583,4.300711199,12.21382017
Re-entrant,275,PLA,foamed elastomer,29.93346161,10,2.5,0.284708583,0.05,0.284708583,4.300711199,12.21382017
Re-entrant,276,PLA,none,29.93346161,10,2.5,0.284708583,0.05,0.284708583,4.300711199,12.21382017
Re-entrant,277,PLA,dense elastomer,34.5760005,10,2.5,0.811633686,0.05,0.811633686,12.80009544,5.214453482
Re-entrant,278,PLA,foamed elastomer,34.5760005,10,2.5,0.811633686,0.05,0.811633686,12.80009544,5.214453482
Re-entrant,279,PLA,none,34.5760005,10,2.5,0.811633686,0.05,0.811633686,12.80009544,5.214453482
Re-entrant,280,PLA,dense elastomer,13.8972917,10,2.5,1.186808514,0.05,1.186808514,3.336752171,3.086871951
Re-entrant,281,PLA,foamed elastomer,13.8972917,10,2.5,1.186808514,0.05,1.186808514,3.336752171,3.086871951
Re-entrant,282,PLA,none,13.8972917,10,2.5,1.186808514,0.05,1.186808514,3.336752171,3.086871951
Re-entrant,283,PLA,dense elastomer,37.08647447,10,2.5,0.336110377,0.05,0.336110377,13.03240057,15.59477082
Re-entrant,284,PLA,foamed elastomer,37.08647447,10,2.5,0.336110377,0.05,0.336110377,13.03240057,15.59477082
Re-entrant,285,PLA,none,37.08647447,10,2.5,0.336110377,0.05,0.336110377,13.03240057,15.59477082
Re-entrant,286,PLA,dense elastomer,35.20185174,10,2.5,1.024610725,0.05,1.024610725,6.032444291,5.971911417
Re-entrant,287,PLA,foamed elastomer,35.20185174,10,2.5,1.024610725,0.05,1.024610725,6.032444291,5.971911417
Re-entrant,288,PLA,none,35.20185174,10,2.5,1.024610725,0.05,1.024610725,6.032444291,5.971911417
Re-entrant,289,PLA,dense elastomer,16.85345068,10,2.5,1.018167306,0.05,1.018167306,6.386768043,6.305954565
Re-entrant,290,PLA,foamed elastomer,16.85345068,10,2.5,1.018167306,0.05,1.018167306,6.386768043,6.305954565
Re-entrant,291,PLA,none,16.85345068,10,2.5,1.018167306,0.05,1.018167306,6.386768043,6.305954565
Re-entrant,292,PLA,dense elastomer,41.98943419,10,2.5,1.061993487,0.05,1.061993487,10.93327091,8.119568486
Re-entrant,293,PLA,foamed elastomer,41.98943419,10,2.5,1.061993487,0.05,1.061993487,10.93327091,8.119568486
Re-entrant,294,PLA,none,41.98943419,10,2.5,1.061993487,0.05,1.061993487,10.93327091,8.119568486
Re-entrant,295,PLA,dense elastomer,21.89774174,10,2.5,0.766357236,0.05,0.766357236,4.970669832,4.083970831
Re-entrant,296,PLA,foamed elastomer,21.89774174,10,2.5,0.766357236,0.05,0.766357236,4.970669832,4.083970831
Re-entrant,297,PLA,none,21.89774174,10,2.5,0.766357236,0.05,0.766357236,4.970669832,4.083970831
Re-entrant,298,PLA,dense elastomer,34.30650149,10,2.5,0.351101175,0.05,0.351101175,11.9132779,7.812671718
Re-entrant,299,PLA,foamed elastomer,34.30650149,10,2.5,0.351101175,0.05,0.351101175,11.9132779,7.812671718
Re-entrant,300,PLA,none,34.30650149,10,2.5,0.351101175,0.05,0.351101175,11.9132779,7.812671718
Re-entrant,301,PLA,dense elastomer,34.17090033,10,2.5,1.049600114,0.05,1.049600114,6.730525894,6.146328557
Re-entrant,302,PLA,foamed elastomer,34.17090033,10,2.5,1.049600114,0.05,1.049600114,6.730525894,6.146328557
Re-entrant,303,PLA,none,34.17090033,10,2.5,1.049600114,0.05,1.049600114,6.730525894,6.146328557
Re-entrant,304,PLA,dense elastomer,45.89786687,10,2.5,0.410597312,0.05,0.410597312,7.439124866,16.56878323
Re-entrant,305,PLA,foamed elastomer,45.89786687,10,2.5,0.410597312,0.05,0.410597312,7.439124866,16.56878323
Re-entrant,306,PLA,none,45.89786687,10,2.5,0.410597312,0.05,0.410597312,7.439124866,16.56878323
Re-entrant,307,PLA,dense elastomer,44.56550972,10,2.5,0.491854682,0.05,0.491854682,17.60085033,6.403966815
Re-entrant,308,PLA,foamed elastomer,44.56550972,10,2.5,0.491854682,0.05,0.491854682,17.60085033,6.403966815
Re-entrant,309,PLA,none,44.56550972,10,2.5,0.491854682,0.05,0.491854682,17.60085033,6.403966815
Re-entrant,310,PLA,dense elastomer,46.75423731,10,2.5,0.757349053,0.05,0.757349053,6.152036118,15.34514537
Re-entrant,311,PLA,foamed elastomer,46.75423731,10,2.5,0.757349053,0.05,0.757349053,6.152036118,15.34514537
Re-entrant,312,PLA,none,46.75423731,10,2.5,0.757349053,0.05,0.757349053,6.152036118,15.34514537
Re-entrant,313,PLA,dense elastomer,27.49726595,10,2.5,0.912594892,0.05,0.912594892,7.670532989,6.038647923
Re-entrant,314,PLA,foamed elastomer,27.49726595,10,2.5,0.912594892,0.05,0.912594892,7.670532989,6.038647923
Re-entrant,315,PLA,none,27.49726595,10,2.5,0.912594892,0.05,0.912594892,7.670532989,6.038647923
Re-entrant,316,PLA,dense elastomer,20.09676146,10,2.5,0.805321534,0.05,0.805321534,7.718030318,4.054897358
Re-entrant,317,PLA,foamed elastomer,20.09676146,10,2.5,0.805321534,0.05,0.805321534,7.718030318,4.054897358
Re-entrant,318,PLA,none,20.09676146,10,2.5,0.805321534,0.05,0.805321534,7.718030318,4.054897358
Re-entrant,319,PLA,dense elastomer,44.33706094,10,2.5,0.753978191,0.05,0.753978191,11.33817153,13.2105511
Re-entrant,320,PLA,foamed elastomer,44.33706094,10,2.5,0.753978191,0.05,0.753978191,11.33817153,13.2105511
Re-entrant,321,PLA,none,44.33706094,10,2.5,0.753978191,0.05,0.753978191,11.33817153,13.2105511
Re-entrant,322,PLA,dense elastomer,26.12594233,10,2.5,0.6894484,0.05,0.6894484,10.12801321,8.841981204
Re-entrant,323,PLA,foamed elastomer,26.12594233,10,2.5,0.6894484,0.05,0.6894484,10.12801321,8.841981204
Re-entrant,324,PLA,none,26.12594233,10,2.5,0.6894484,0.05,0.6894484,10.12801321,8.841981204
Re-entrant,325,PLA,dense elastomer,48.13547692,10,2.5,0.446141511,0.05,0.446141511,9.946810172,10.16713687
Re-entrant,326,PLA,foamed elastomer,48.13547692,10,2.5,0.446141511,0.05,0.446141511,9.946810172,10.16713687
Re-entrant,327,PLA,none,48.13547692,10,2.5,0.446141511,0.05,0.446141511,9.946810172,10.16713687
Re-entrant,328,PLA,dense elastomer,39.54794399,10,2.5,0.539960304,0.05,0.539960304,5.110945361,5.479971904
Re-entrant,329,PLA,foamed elastomer,39.54794399,10,2.5,0.539960304,0.05,0.539960304,5.110945361,5.479971904
Re-entrant,330,PLA,none,39.54794399,10,2.5,0.539960304,0.05,0.539960304,5.110945361,5.479971904
Re-entrant,331,PLA,dense elastomer,27.80910619,10,2.5,0.837667578,0.05,0.837667578,10.75979758,5.830218093
Re-entrant,332,PLA,foamed elastomer,27.80910619,10,2.5,0.837667578,0.05,0.837667578,10.75979758,5.830218093
Re-entrant,333,PLA,none,27.80910619,10,2.5,0.837667578,0.05,0.837667578,10.75979758,5.830218093
Re-entrant,334,PLA,dense elastomer,31.21990105,10,2.5,0.722281496,0.05,0.722281496,12.55128956,5.734921666
Re-entrant,335,PLA,foamed elastomer,31.21990105,10,2.5,0.722281496,0.05,0.722281496,12.55128956,5.734921666
Re-entrant,336,PLA,none,31.21990105,10,2.5,0.722281496,0.05,0.722281496,12.55128956,5.734921666
Re-entrant,337,PLA,dense elastomer,32.31095031,10,2.5,0.997623857,0.05,0.997623857,11.42975197,7.272793813
Re-entrant,338,PLA,foamed elastomer,32.31095031,10,2.5,0.997623857,0.05,0.997623857,11.42975197,7.272793813
Re-entrant,339,PLA,none,32.31095031,10,2.5,0.997623857,0.05,0.997623857,11.42975197,7.272793813
Re-entrant,340,PLA,dense elastomer,28.52618543,10,2.5,0.68343593,0.05,0.68343593,8.796716332,9.482459407
Re-entrant,341,PLA,foamed elastomer,28.52618543,10,2.5,0.68343593,0.05,0.68343593,8.796716332,9.482459407
Re-entrant,342,PLA,none,28.52618543,10,2.5,0.68343593,0.05,0.68343593,8.796716332,9.482459407
Re-entrant,343,PLA,dense elastomer,11.96774962,10,2.5,1.157525997,0.05,1.157525997,4.340713282,3.773931283
Re-entrant,344,PLA,foamed elastomer,11.96774962,10,2.5,1.157525997,0.05,1.157525997,4.340713282,3.773931283
Re-entrant,345,PLA,none,11.96774962,10,2.5,1.157525997,0.05,1.157525997,4.340713282,3.773931283
Re-entrant,346,PLA,dense elastomer,14.4285421,10,2.5,1.213080198,0.05,1.213080198,4.036791346,5.915567057
Re-entrant,347,PLA,foamed elastomer,14.4285421,10,2.5,1.213080198,0.05,1.213080198,4.036791346,5.915567057
Re-entrant,348,PLA,none,14.4285421,10,2.5,1.213080198,0.05,1.213080198,4.036791346,5.915567057
Re-entrant,349,PLA,dense elastomer,36.41953594,10,2.5,0.655027587,0.05,0.655027587,9.75336046,7.175351041
Re-entrant,350,PLA,foamed elastomer,36.41953594,10,2.5,0.655027587,0.05,0.655027587,9.75336046,7.175351041
Re-entrant,351,PLA,none,36.41953594,10,2.5,0.655027587,0.05,0.655027587,9.75336046,7.175351041
Re-entrant,352,PLA,dense elastomer,45.36928996,10,2.5,1.116239373,0.05,1.116239373,16.70124943,16.47927489
Re-entrant,353,PLA,foamed elastomer,45.36928996,10,2.5,1.116239373,0.05,1.116239373,16.70124943,16.47927489
Re-entrant,354,PLA,none,45.36928996,10,2.5,1.116239373,0.05,1.116239373,16.70124943,16.47927489
Re-entrant,355,PLA,dense elastomer,12.4235238,10,2.5,0.253637052,0.05,0.253637052,4.442080831,3.429709541
Re-entrant,356,PLA,foamed elastomer,12.4235238,10,2.5,0.253637052,0.05,0.253637052,4.442080831,3.429709541
Re-entrant,357,PLA,none,12.4235238,10,2.5,0.253637052,0.05,0.253637052,4.442080831,3.429709541
Re-entrant,358,PLA,dense elastomer,18.96582921,10,2.5,0.921139514,0.05,0.921139514,7.528355529,7.995940186
Re-entrant,359,PLA,foamed elastomer,18.96582921,10,2.5,0.921139514,0.05,0.921139514,7.528355529,7.995940186
Re-entrant,360,PLA,none,18.96582921,10,2.5,0.921139514,0.05,0.921139514,7.528355529,7.995940186
Re-entrant,361,PLA,dense elastomer,23.47572866,10,2.5,0.285406618,0.05,0.285406618,9.843745811,6.218786132
Re-entrant,362,PLA,foamed elastomer,23.47572866,10,2.5,0.285406618,0.05,0.285406618,9.843745811,6.218786132
Re-entrant,363,PLA,none,23.47572866,10,2.5,0.285406618,0.05,0.285406618,9.843745811,6.218786132
Re-entrant,364,PLA,dense elastomer,30.2465059,10,2.5,0.679330717,0.05,0.679330717,8.827571576,4.492572989
Re-entrant,365,PLA,foamed elastomer,30.2465059,10,2.5,0.679330717,0.05,0.679330717,8.827571576,4.492572989
Re-entrant,366,PLA,none,30.2465059,10,2.5,0.679330717,0.05,0.679330717,8.827571576,4.492572989
Re-entrant,367,PLA,dense elastomer,26.97948803,10,2.5,1.13731899,0.05,1.13731899,4.157282153,7.797570614
Re-entrant,368,PLA,foamed elastomer,26.97948803,10,2.5,1.13731899,0.05,1.13731899,4.157282153,7.797570614
Re-entrant,369,PLA,none,26.97948803,10,2.5,1.13731899,0.05,1.13731899,4.157282153,7.797570614
Re-entrant,370,PLA,dense elastomer,48.95607322,10,2.5,0.958628461,0.05,0.958628461,14.804249,14.70840149
Re-entrant,371,PLA,foamed elastomer,48.95607322,10,2.5,0.958628461,0.05,0.958628461,14.804249,14.70840149
Re-entrant,372,PLA,none,48.95607322,10,2.5,0.958628461,0.05,0.958628461,14.804249,14.70840149
Re-entrant,373,PLA,dense elastomer,48.4643866,10,2.5,0.386295726,0.05,0.386295726,20.30386028,10.31039671
Re-entrant,374,PLA,foamed elastomer,48.4643866,10,2.5,0.386295726,0.05,0.386295726,20.30386028,10.31039671
Re-entrant,375,PLA,none,48.4643866,10,2.5,0.386295726,0.05,0.386295726,20.30386028,10.31039671
Re-entrant,376,PLA,dense elastomer,33.06933421,10,2.5,1.125121385,0.05,1.125121385,4.823992617,12.17368264
Re-entrant,377,PLA,foamed elastomer,33.06933421,10,2.5,1.125121385,0.05,1.125121385,4.823992617,12.17368264
Re-entrant,378,PLA,none,33.06933421,10,2.5,1.125121385,0.05,1.125121385,4.823992617,12.17368264
Re-entrant,379,PLA,dense elastomer,24.28387462,10,2.5,0.918832382,0.05,0.918832382,4.670494159,4.14216842
Re-entrant,380,PLA,foamed elastomer,24.28387462,10,2.5,0.918832382,0.05,0.918832382,4.670494159,4.14216842
Re-entrant,381,PLA,none,24.28387462,10,2.5,0.918832382,0.05,0.918832382,4.670494159,4.14216842
Re-entrant,382,PLA,dense elastomer,23.0996762,10,2.5,0.990605577,0.05,0.990605577,7.540708917,6.193563338
Re-entrant,383,PLA,foamed elastomer,23.0996762,10,2.5,0.990605577,0.05,0.990605577,7.540708917,6.193563338
Re-entrant,384,PLA,none,23.0996762,10,2.5,0.990605577,0.05,0.990605577,7.540708917,6.193563338
Re-entrant,385,PLA,dense elastomer,36.3715224,10,2.5,0.80321137,0.05,0.80321137,9.449855633,14.3521893
Re-entrant,386,PLA,foamed elastomer,36.3715224,10,2.5,0.80321137,0.05,0.80321137,9.449855633,14.3521893
Re-entrant,387,PLA,none,36.3715224,10,2.5,0.80321137,0.05,0.80321137,9.449855633,14.3521893
Re-entrant,388,PLA,dense elastomer,44.65402945,10,2.5,0.403106116,0.05,0.403106116,10.34766074,13.71361392
Re-entrant,389,PLA,foamed elastomer,44.65402945,10,2.5,0.403106116,0.05,0.403106116,10.34766074,13.71361392
Re-entrant,390,PLA,none,44.65402945,10,2.5,0.403106116,0.05,0.403106116,10.34766074,13.71361392
Re-entrant,391,PLA,dense elastomer,12.14280988,10,2.5,0.90670271,0.05,0.90670271,2.294528213,4.058406772
Re-entrant,392,PLA,foamed elastomer,12.14280988,10,2.5,0.90670271,0.05,0.90670271,2.294528213,4.058406772
Re-entrant,393,PLA,none,12.14280988,10,2.5,0.90670271,0.05,0.90670271,2.294528213,4.058406772
Re-entrant,394,PLA,dense elastomer,24.79146725,10,2.5,1.028175106,0.05,1.028175106,9.222949976,9.713507417
Re-entrant,395,PLA,foamed elastomer,24.79146725,10,2.5,1.028175106,0.05,1.028175106,9.222949976,9.713507417
Re-entrant,396,PLA,none,24.79146725,10,2.5,1.028175106,0.05,1.028175106,9.222949976,9.713507417
Re-entrant,397,PLA,dense elastomer,21.75469817,10,2.5,1.230064098,0.05,1.230064098,3.414008276,3.798645542
Re-entrant,398,PLA,foamed elastomer,21.75469817,10,2.5,1.230064098,0.05,1.230064098,3.414008276,3.798645542
Re-entrant,399,PLA,none,21.75469817,10,2.5,1.230064098,0.05,1.230064098,3.414008276,3.798645542
Re-entrant,400,PLA,dense elastomer,27.37766255,10,2.5,1.147574735,0.05,1.147574735,8.382766792,6.270071149
Re-entrant,401,PLA,foamed elastomer,27.37766255,10,2.5,1.147574735,0.05,1.147574735,8.382766792,6.270071149
Re-entrant,402,PLA,none,27.37766255,10,2.5,1.147574735,0.05,1.147574735,8.382766792,6.270071149
Re-entrant,403,PLA,dense elastomer,40.73657192,10,2.5,0.744422715,0.05,0.744422715,5.12775442,9.488934552
Re-entrant,404,PLA,foamed elastomer,40.73657192,10,2.5,0.744422715,0.05,0.744422715,5.12775442,9.488934552
Re-entrant,405,PLA,none,40.73657192,10,2.5,0.744422715,0.05,0.744422715,5.12775442,9.488934552
Re-entrant,406,PLA,dense elastomer,30.69468353,10,2.5,1.21782911,0.05,1.21782911,6.434024955,5.160877497
Re-entrant,407,PLA,foamed elastomer,30.69468353,10,2.5,1.21782911,0.05,1.21782911,6.434024955,5.160877497
Re-entrant,408,PLA,none,30.69468353,10,2.5,1.21782911,0.05,1.21782911,6.434024955,5.160877497
Re-entrant,409,PLA,dense elastomer,25.25430766,10,2.5,1.175660876,0.05,1.175660876,7.616262949,9.078892749
Re-entrant,410,PLA,foamed elastomer,25.25430766,10,2.5,1.175660876,0.05,1.175660876,7.616262949,9.078892749
Re-entrant,411,PLA,none,25.25430766,10,2.5,1.175660876,0.05,1.175660876,7.616262949,9.078892749
Re-entrant,412,PLA,dense elastomer,41.02391379,10,2.5,0.638003646,0.05,0.638003646,7.232788161,8.829529426
Re-entrant,413,PLA,foamed elastomer,41.02391379,10,2.5,0.638003646,0.05,0.638003646,7.232788161,8.829529426
Re-entrant,414,PLA,none,41.02391379,10,2.5,0.638003646,0.05,0.638003646,7.232788161,8.829529426
Re-entrant,415,PLA,dense elastomer,37.95667055,10,2.5,0.496866144,0.05,0.496866144,10.13749315,5.203049172
Re-entrant,416,PLA,foamed elastomer,37.95667055,10,2.5,0.496866144,0.05,0.496866144,10.13749315,5.203049172
Re-entrant,417,PLA,none,37.95667055,10,2.5,0.496866144,0.05,0.496866144,10.13749315,5.203049172
Re-entrant,418,PLA,dense elastomer,22.30685196,10,2.5,0.894723217,0.05,0.894723217,8.745368837,7.094834276
Re-entrant,419,PLA,foamed elastomer,22.30685196,10,2.5,0.894723217,0.05,0.894723217,8.745368837,7.094834276
Re-entrant,420,PLA,none,22.30685196,10,2.5,0.894723217,0.05,0.894723217,8.745368837,7.094834276
Re-entrant,421,PLA,dense elastomer,42.9940524,10,2.5,0.73192831,0.05,0.73192831,7.063906187,15.9300774
Re-entrant,422,PLA,foamed elastomer,42.9940524,10,2.5,0.73192831,0.05,0.73192831,7.063906187,15.9300774
Re-entrant,423,PLA,none,42.9940524,10,2.5,0.73192831,0.05,0.73192831,7.063906187,15.9300774
Re-entrant,424,PLA,dense elastomer,15.11455203,10,2.5,1.031068274,0.05,1.031068274,5.507932961,2.772978871
Re-entrant,425,PLA,foamed elastomer,15.11455203,10,2.5,1.031068274,0.05,1.031068274,5.507932961,2.772978871
Re-entrant,426,PLA,none,15.11455203,10,2.5,1.031068274,0.05,1.031068274,5.507932961,2.772978871
Re-entrant,427,PLA,dense elastomer,49.78849289,10,2.5,0.774139942,0.05,0.774139942,6.937049581,19.14710039
Re-entrant,428,PLA,foamed elastomer,49.78849289,10,2.5,0.774139942,0.05,0.774139942,6.937049581,19.14710039
Re-entrant,429,PLA,none,49.78849289,10,2.5,0.774139942,0.05,0.774139942,6.937049581,19.14710039
Re-entrant,430,PLA,dense elastomer,42.3392385,10,2.5,0.61792307,0.05,0.61792307,16.14701929,12.5372109
Re-entrant,431,PLA,foamed elastomer,42.3392385,10,2.5,0.61792307,0.05,0.61792307,16.14701929,12.5372109
Re-entrant,432,PLA,none,42.3392385,10,2.5,0.61792307,0.05,0.61792307,16.14701929,12.5372109
Re-entrant,433,PLA,dense elastomer,28.86160611,10,2.5,0.298341412,0.05,0.298341412,9.927632113,10.71907981
Re-entrant,434,PLA,foamed elastomer,28.86160611,10,2.5,0.298341412,0.05,0.298341412,9.927632113,10.71907981
Re-entrant,435,PLA,none,28.86160611,10,2.5,0.298341412,0.05,0.298341412,9.927632113,10.71907981
Re-entrant,436,PLA,dense elastomer,18.29964575,10,2.5,0.78138487,0.05,0.78138487,6.312172852,2.863792985
Re-entrant,437,PLA,foamed elastomer,18.29964575,10,2.5,0.78138487,0.05,0.78138487,6.312172852,2.863792985
Re-entrant,438,PLA,none,18.29964575,10,2.5,0.78138487,0.05,0.78138487,6.312172852,2.863792985
Re-entrant,439,PLA,dense elastomer,28.21180518,10,2.5,0.694367043,0.05,0.694367043,10.17951212,6.62654597
Re-entrant,440,PLA,foamed elastomer,28.21180518,10,2.5,0.694367043,0.05,0.694367043,10.17951212,6.62654597
Re-entrant,441,PLA,none,28.21180518,10,2.5,0.694367043,0.05,0.694367043,10.17951212,6.62654597
Re-entrant,442,PLA,dense elastomer,12.2243021,10,2.5,0.819665368,0.05,0.819665368,3.756629082,5.170652564
Re-entrant,443,PLA,foamed elastomer,12.2243021,10,2.5,0.819665368,0.05,0.819665368,3.756629082,5.170652564
Re-entrant,444,PLA,none,12.2243021,10,2.5,0.819665368,0.05,0.819665368,3.756629082,5.170652564
Re-entrant,445,PLA,dense elastomer,33.48553713,10,2.5,1.057423476,0.05,1.057423476,5.835472741,7.593749534
Re-entrant,446,PLA,foamed elastomer,33.48553713,10,2.5,1.057423476,0.05,1.057423476,5.835472741,7.593749534
Re-entrant,447,PLA,none,33.48553713,10,2.5,1.057423476,0.05,1.057423476,5.835472741,7.593749534
Re-entrant,448,PLA,dense elastomer,14.00112967,10,2.5,1.143989549,0.05,1.143989549,2.289928671,4.894103491
Re-entrant,449,PLA,foamed elastomer,14.00112967,10,2.5,1.143989549,0.05,1.143989549,2.289928671,4.894103491
Re-entrant,450,PLA,none,14.00112967,10,2.5,1.143989549,0.05,1.143989549,2.289928671,4.894103491
Re-entrant,451,PLA,dense elastomer,16.7078179,10,2.5,0.797064639,0.05,0.797064639,6.019697302,6.622529119
Re-entrant,452,PLA,foamed elastomer,16.7078179,10,2.5,0.797064639,0.05,0.797064639,6.019697302,6.622529119
Re-entrant,453,PLA,none,16.7078179,10,2.5,0.797064639,0.05,0.797064639,6.019697302,6.622529119
Re-entrant,454,PLA,dense elastomer,15.61938274,10,2.5,0.66419713,0.05,0.66419713,4.942838173,2.597755391
Re-entrant,455,PLA,foamed elastomer,15.61938274,10,2.5,0.66419713,0.05,0.66419713,4.942838173,2.597755391
Re-entrant,456,PLA,none,15.61938274,10,2.5,0.66419713,0.05,0.66419713,4.942838173,2.597755391
Re-entrant,457,PLA,dense elastomer,37.63628099,10,2.5,0.54951547,0.05,0.54951547,14.87159513,4.89976383
Re-entrant,458,PLA,foamed elastomer,37.63628099,10,2.5,0.54951547,0.05,0.54951547,14.87159513,4.89976383
Re-entrant,459,PLA,none,37.63628099,10,2.5,0.54951547,0.05,0.54951547,14.87159513,4.89976383
Re-entrant,460,PLA,dense elastomer,47.15546999,10,2.5,0.525433424,0.05,0.525433424,9.4523148,17.14727816
Re-entrant,461,PLA,foamed elastomer,47.15546999,10,2.5,0.525433424,0.05,0.525433424,9.4523148,17.14727816
Re-entrant,462,PLA,none,47.15546999,10,2.5,0.525433424,0.05,0.525433424,9.4523148,17.14727816
Re-entrant,463,PLA,dense elastomer,15.38356891,10,2.5,1.124665676,0.05,1.124665676,3.339027042,2.713927079
Re-entrant,464,PLA,foamed elastomer,15.38356891,10,2.5,1.124665676,0.05,1.124665676,3.339027042,2.713927079
Re-entrant,465,PLA,none,15.38356891,10,2.5,1.124665676,0.05,1.124665676,3.339027042,2.713927079
Re-entrant,466,PLA,dense elastomer,34.86839409,10,2.5,0.649463954,0.05,0.649463954,10.89243406,8.034681716
Re-entrant,467,PLA,foamed elastomer,34.86839409,10,2.5,0.649463954,0.05,0.649463954,10.89243406,8.034681716
Re-entrant,468,PLA,none,34.86839409,10,2.5,0.649463954,0.05,0.649463954,10.89243406,8.034681716
Re-entrant,469,PLA,dense elastomer,40.94419133,10,2.5,0.417354506,0.05,0.417354506,8.306337244,12.83656089
Re-entrant,470,PLA,foamed elastomer,40.94419133,10,2.5,0.417354506,0.05,0.417354506,8.306337244,12.83656089
Re-entrant,471,PLA,none,40.94419133,10,2.5,0.417354506,0.05,0.417354506,8.306337244,12.83656089
Re-entrant,472,PLA,dense elastomer,48.26328229,10,2.5,1.193871043,0.05,1.193871043,20.00282188,6.999168854
Re-entrant,473,PLA,foamed elastomer,48.26328229,10,2.5,1.193871043,0.05,1.193871043,20.00282188,6.999168854
Re-entrant,474,PLA,none,48.26328229,10,2.5,1.193871043,0.05,1.193871043,20.00282188,6.999168854
Re-entrant,475,PLA,dense elastomer,40.31344081,10,2.5,0.971214403,0.05,0.971214403,14.79383113,10.02841914
Re-entrant,476,PLA,foamed elastomer,40.31344081,10,2.5,0.971214403,0.05,0.971214403,14.79383113,10.02841914
Re-entrant,477,PLA,none,40.31344081,10,2.5,0.971214403,0.05,0.971214403,14.79383113,10.02841914
Re-entrant,478,PLA,dense elastomer,13.71363702,10,2.5,0.319291143,0.05,0.319291143,4.309464525,3.301539575
Re-entrant,479,PLA,foamed elastomer,13.71363702,10,2.5,0.319291143,0.05,0.319291143,4.309464525,3.301539575
Re-entrant,480,PLA,none,13.71363702,10,2.5,0.319291143,0.05,0.319291143,4.309464525,3.301539575
Re-entrant,481,PLA,dense elastomer,37.44505874,10,2.5,0.945789391,0.05,0.945789391,10.99788765,14.92616316
Re-entrant,482,PLA,foamed elastomer,37.44505874,10,2.5,0.945789391,0.05,0.945789391,10.99788765,14.92616316
Re-entrant,483,PLA,none,37.44505874,10,2.5,0.945789391,0.05,0.945789391,10.99788765,14.92616316
Re-entrant,484,PLA,dense elastomer,19.47930476,10,2.5,1.084198249,0.05,1.084198249,6.422112037,2.921932048
Re-entrant,485,PLA,foamed elastomer,19.47930476,10,2.5,1.084198249,0.05,1.084198249,6.422112037,2.921932048
Re-entrant,486,PLA,none,19.47930476,10,2.5,1.084198249,0.05,1.084198249,6.422112037,2.921932048
Re-entrant,487,PLA,dense elastomer,15.9060988,10,2.5,0.654946511,0.05,0.654946511,4.727916221,2.585662776
Re-entrant,488,PLA,foamed elastomer,15.9060988,10,2.5,0.654946511,0.05,0.654946511,4.727916221,2.585662776
Re-entrant,489,PLA,none,15.9060988,10,2.5,0.654946511,0.05,0.654946511,4.727916221,2.585662776
Re-entrant,490,PLA,dense elastomer,20.37672067,10,2.5,0.66810509,0.05,0.66810509,3.661768094,4.43985263
Re-entrant,491,PLA,foamed elastomer,20.37672067,10,2.5,0.66810509,0.05,0.66810509,3.661768094,4.43985263
Re-entrant,492,PLA,none,20.37672067,10,2.5,0.66810509,0.05,0.66810509,3.661768094,4.43985263
Re-entrant,493,PLA,dense elastomer,21.45285521,10,2.5,0.593062824,0.05,0.593062824,6.850263413,5.795591318
Re-entrant,494,PLA,foamed elastomer,21.45285521,10,2.5,0.593062824,0.05,0.593062824,6.850263413,5.795591318
Re-entrant,495,PLA,none,21.45285521,10,2.5,0.593062824,0.05,0.593062824,6.850263413,5.795591318
Re-entrant,496,PLA,dense elastomer,15.40166749,10,2.5,0.271992879,0.05,0.271992879,6.133201235,4.47047548
Re-entrant,497,PLA,foamed elastomer,15.40166749,10,2.5,0.271992879,0.05,0.271992879,6.133201235,4.47047548
Re-entrant,498,PLA,none,15.40166749,10,2.5,0.271992879,0.05,0.271992879,6.133201235,4.47047548
Re-entrant,499,PLA,dense elastomer,26.77237815,10,2.5,0.707576435,0.05,0.707576435,3.570679522,3.645548961
Re-entrant,500,PLA,foamed elastomer,26.77237815,10,2.5,0.707576435,0.05,0.707576435,3.570679522,3.645548961
Re-entrant,501,PLA,none,26.77237815,10,2.5,0.707576435,0.05,0.707576435,3.570679522,3.645548961
Re-entrant,502,PLA,dense elastomer,14.27278399,10,2.5,0.341115206,0.05,0.341115206,5.86417394,2.71292113
Re-entrant,503,PLA,foamed elastomer,14.27278399,10,2.5,0.341115206,0.05,0.341115206,5.86417394,2.71292113
Re-entrant,504,PLA,none,14.27278399,10,2.5,0.341115206,0.05,0.341115206,5.86417394,2.71292113
Re-entrant,505,PLA,dense elastomer,39.83668465,10,2.5,0.857695323,0.05,0.857695323,5.349588568,6.848479536
Re-entrant,506,PLA,foamed elastomer,39.83668465,10,2.5,0.857695323,0.05,0.857695323,5.349588568,6.848479536
Re-entrant,507,PLA,none,39.83668465,10,2.5,0.857695323,0.05,0.857695323,5.349588568,6.848479536
Re-entrant,508,PLA,dense elastomer,12.7758885,10,2.5,0.628876926,0.05,0.628876926,2.128290374,5.255549947
Re-entrant,509,PLA,foamed elastomer,12.7758885,10,2.5,0.628876926,0.05,0.628876926,2.128290374,5.255549947
Re-entrant,510,PLA,none,12.7758885,10,2.5,0.628876926,0.05,0.628876926,2.128290374,5.255549947
Re-entrant,511,PLA,dense elastomer,18.16548359,10,2.5,0.671906385,0.05,0.671906385,4.926299548,5.200517761
Re-entrant,512,PLA,foamed elastomer,18.16548359,10,2.5,0.671906385,0.05,0.671906385,4.926299548,5.200517761
Re-entrant,513,PLA,none,18.16548359,10,2.5,0.671906385,0.05,0.671906385,4.926299548,5.200517761
Re-entrant,514,PLA,dense elastomer,32.70300645,10,2.5,0.897707338,0.05,0.897707338,6.650506583,5.906430815
Re-entrant,515,PLA,foamed elastomer,32.70300645,10,2.5,0.897707338,0.05,0.897707338,6.650506583,5.906430815
Re-entrant,516,PLA,none,32.70300645,10,2.5,0.897707338,0.05,0.897707338,6.650506583,5.906430815
Re-entrant,517,PLA,dense elastomer,10.58621225,10,2.5,0.569453437,0.05,0.569453437,3.984075813,2.971981232
Re-entrant,518,PLA,foamed elastomer,10.58621225,10,2.5,0.569453437,0.05,0.569453437,3.984075813,2.971981232
Re-entrant,519,PLA,none,10.58621225,10,2.5,0.569453437,0.05,0.569453437,3.984075813,2.971981232
Re-entrant,520,PLA,dense elastomer,46.07479563,10,2.5,0.504870362,0.05,0.504870362,17.59951641,9.461389773
Re-entrant,521,PLA,foamed elastomer,46.07479563,10,2.5,0.504870362,0.05,0.504870362,17.59951641,9.461389773
Re-entrant,522,PLA,none,46.07479563,10,2.5,0.504870362,0.05,0.504870362,17.59951641,9.461389773
Re-entrant,523,PLA,dense elastomer,32.48994366,10,2.5,0.851385652,0.05,0.851385652,9.274918529,6.239891571
Re-entrant,524,PLA,foamed elastomer,32.48994366,10,2.5,0.851385652,0.05,0.851385652,9.274918529,6.239891571
Re-entrant,525,PLA,none,32.48994366,10,2.5,0.851385652,0.05,0.851385652,9.274918529,6.239891571
Re-entrant,526,PLA,dense elastomer,33.30226654,10,2.5,0.605767512,0.05,0.605767512,4.683783794,4.469620378
Re-entrant,527,PLA,foamed elastomer,33.30226654,10,2.5,0.605767512,0.05,0.605767512,4.683783794,4.469620378
Re-entrant,528,PLA,none,33.30226654,10,2.5,0.605767512,0.05,0.605767512,4.683783794,4.469620378
Re-entrant,529,PLA,dense elastomer,17.65844076,10,2.5,0.864372353,0.05,0.864372353,2.505710959,6.044629289
Re-entrant,530,PLA,foamed elastomer,17.65844076,10,2.5,0.864372353,0.05,0.864372353,2.505710959,6.044629289
Re-entrant,531,PLA,none,17.65844076,10,2.5,0.864372353,0.05,0.864372353,2.505710959,6.044629289
Re-entrant,532,PLA,dense elastomer,18.60250218,10,2.5,1.165897666,0.05,1.165897666,5.417074301,4.08321427
Re-entrant,533,PLA,foamed elastomer,18.60250218,10,2.5,1.165897666,0.05,1.165897666,5.417074301,4.08321427
Re-entrant,534,PLA,none,18.60250218,10,2.5,1.165897666,0.05,1.165897666,5.417074301,4.08321427
Re-entrant,535,PLA,dense elastomer,36.72727402,10,2.5,0.524958908,0.05,0.524958908,14.80543825,14.2934944
Re-entrant,536,PLA,foamed elastomer,36.72727402,10,2.5,0.524958908,0.05,0.524958908,14.80543825,14.2934944
Re-entrant,537,PLA,none,36.72727402,10,2.5,0.524958908,0.05,0.524958908,14.80543825,14.2934944
Re-entrant,538,PLA,dense elastomer,20.45700601,10,2.5,1.180465387,0.05,1.180465387,6.720441564,8.049250195
Re-entrant,539,PLA,foamed elastomer,20.45700601,10,2.5,1.180465387,0.05,1.180465387,6.720441564,8.049250195
Re-entrant,540,PLA,none,20.45700601,10,2.5,1.180465387,0.05,1.180465387,6.720441564,8.049250195
Re-entrant,541,PLA,dense elastomer,10.1052358,10,2.5,1.054857947,0.05,1.054857947,3.075610799,3.079149925
Re-entrant,542,PLA,foamed elastomer,10.1052358,10,2.5,1.054857947,0.05,1.054857947,3.075610799,3.079149925
Re-entrant,543,PLA,none,10.1052358,10,2.5,1.054857947,0.05,1.054857947,3.075610799,3.079149925
Re-entrant,544,PLA,dense elastomer,36.90791955,10,2.5,0.379967753,0.05,0.379967753,13.13462928,4.681634745
Re-entrant,545,PLA,foamed elastomer,36.90791955,10,2.5,0.379967753,0.05,0.379967753,13.13462928,4.681634745
Re-entrant,546,PLA,none,36.90791955,10,2.5,0.379967753,0.05,0.379967753,13.13462928,4.681634745
Re-entrant,547,PLA,dense elastomer,38.91767556,10,2.5,0.577470164,0.05,0.577470164,13.88029323,13.3309727
Re-entrant,548,PLA,foamed elastomer,38.91767556,10,2.5,0.577470164,0.05,0.577470164,13.88029323,13.3309727
Re-entrant,549,PLA,none,38.91767556,10,2.5,0.577470164,0.05,0.577470164,13.88029323,13.3309727
Re-entrant,550,PLA,dense elastomer,21.28853379,10,2.5,0.484156642,0.05,0.484156642,6.026266222,6.130052271
Re-entrant,551,PLA,foamed elastomer,21.28853379,10,2.5,0.484156642,0.05,0.484156642,6.026266222,6.130052271
Re-entrant,552,PLA,none,21.28853379,10,2.5,0.484156642,0.05,0.484156642,6.026266222,6.130052271
Re-entrant,553,PLA,dense elastomer,22.55697198,10,2.5,0.392128394,0.05,0.392128394,3.445614824,7.258636778
Re-entrant,554,PLA,foamed elastomer,22.55697198,10,2.5,0.392128394,0.05,0.392128394,3.445614824,7.258636778
Re-entrant,555,PLA,none,22.55697198,10,2.5,0.392128394,0.05,0.392128394,3.445614824,7.258636778
Re-entrant,556,PLA,dense elastomer,43.9034158,10,2.5,0.989104406,0.05,0.989104406,14.76392067,12.35201068
Re-entrant,557,PLA,foamed elastomer,43.9034158,10,2.5,0.989104406,0.05,0.989104406,14.76392067,12.35201068
Re-entrant,558,PLA,none,43.9034158,10,2.5,0.989104406,0.05,0.989104406,14.76392067,12.35201068
Re-entrant,559,PLA,dense elastomer,44.93110858,10,2.5,0.469370975,0.05,0.469370975,9.905733758,12.52930666
Re-entrant,560,PLA,foamed elastomer,44.93110858,10,2.5,0.469370975,0.05,0.469370975,9.905733758,12.52930666
Re-entrant,561,PLA,none,44.93110858,10,2.5,0.469370975,0.05,0.469370975,9.905733758,12.52930666
Re-entrant,562,PLA,dense elastomer,27.78968923,10,2.5,0.825836035,0.05,0.825836035,6.641272975,11.26066825
Re-entrant,563,PLA,foamed elastomer,27.78968923,10,2.5,0.825836035,0.05,0.825836035,6.641272975,11.26066825
Re-entrant,564,PLA,none,27.78968923,10,2.5,0.825836035,0.05,0.825836035,6.641272975,11.26066825
Re-entrant,565,PLA,dense elastomer,19.31335926,10,2.5,0.704971471,0.05,0.704971471,5.319071213,5.084923346
Re-entrant,566,PLA,foamed elastomer,19.31335926,10,2.5,0.704971471,0.05,0.704971471,5.319071213,5.084923346
Re-entrant,567,PLA,none,19.31335926,10,2.5,0.704971471,0.05,0.704971471,5.319071213,5.084923346
Re-entrant,568,PLA,dense elastomer,14.93028764,10,2.5,0.938605249,0.05,0.938605249,4.743366649,2.307134337
Re-entrant,569,PLA,foamed elastomer,14.93028764,10,2.5,0.938605249,0.05,0.938605249,4.743366649,2.307134337
Re-entrant,570,PLA,none,14.93028764,10,2.5,0.938605249,0.05,0.938605249,4.743366649,2.307134337
Re-entrant,571,PLA,dense elastomer,29.5174442,10,2.5,0.834088255,0.05,0.834088255,7.795844508,8.399583841
Re-entrant,572,PLA,foamed elastomer,29.5174442,10,2.5,0.834088255,0.05,0.834088255,7.795844508,8.399583841
Re-entrant,573,PLA,none,29.5174442,10,2.5,0.834088255,0.05,0.834088255,7.795844508,8.399583841
Re-entrant,574,PLA,dense elastomer,14.70151113,10,2.5,0.382848352,0.05,0.382848352,6.198735811,2.14733269
Re-entrant,575,PLA,foamed elastomer,14.70151113,10,2.5,0.382848352,0.05,0.382848352,6.198735811,2.14733269
Re-entrant,576,PLA,none,14.70151113,10,2.5,0.382848352,0.05,0.382848352,6.198735811,2.14733269
Re-entrant,577,PLA,dense elastomer,13.22685629,10,2.5,0.790373055,0.05,0.790373055,2.367533011,2.95219373
Re-entrant,578,PLA,foamed elastomer,13.22685629,10,2.5,0.790373055,0.05,0.790373055,2.367533011,2.95219373
Re-entrant,579,PLA,none,13.22685629,10,2.5,0.790373055,0.05,0.790373055,2.367533011,2.95219373
Re-entrant,580,PLA,dense elastomer,25.92203205,10,2.5,1.152116435,0.05,1.152116435,8.423379968,8.278500012
Re-entrant,581,PLA,foamed elastomer,25.92203205,10,2.5,1.152116435,0.05,1.152116435,8.423379968,8.278500012
Re-entrant,582,PLA,none,25.92203205,10,2.5,1.152116435,0.05,1.152116435,8.423379968,8.278500012
Re-entrant,583,PLA,dense elastomer,22.72880291,10,2.5,0.464163034,0.05,0.464163034,4.886861602,5.70681924
Re-entrant,584,PLA,foamed elastomer,22.72880291,10,2.5,0.464163034,0.05,0.464163034,4.886861602,5.70681924
Re-entrant,585,PLA,none,22.72880291,10,2.5,0.464163034,0.05,0.464163034,4.886861602,5.70681924
Re-entrant,586,PLA,dense elastomer,49.24682082,10,2.5,0.612884806,0.05,0.612884806,16.42040068,16.25915585
Re-entrant,587,PLA,foamed elastomer,49.24682082,10,2.5,0.612884806,0.05,0.612884806,16.42040068,16.25915585
Re-entrant,588,PLA,none,49.24682082,10,2.5,0.612884806,0.05,0.612884806,16.42040068,16.25915585
Re-entrant,589,PLA,dense elastomer,11.32961603,10,2.5,0.32236444,0.05,0.32236444,2.119349435,3.102809429
Re-entrant,590,PLA,foamed elastomer,11.32961603,10,2.5,0.32236444,0.05,0.32236444,2.119349435,3.102809429
Re-entrant,591,PLA,none,11.32961603,10,2.5,0.32236444,0.05,0.32236444,2.119349435,3.102809429
Re-entrant,592,PLA,dense elastomer,31.45408944,10,2.5,1.174509337,0.05,1.174509337,4.597251556,8.178409045
Re-entrant,593,PLA,foamed elastomer,31.45408944,10,2.5,1.174509337,0.05,1.174509337,4.597251556,8.178409045
Re-entrant,594,PLA,none,31.45408944,10,2.5,1.174509337,0.05,1.174509337,4.597251556,8.178409045
Re-entrant,595,PLA,dense elastomer,47.75087883,10,2.5,1.008434029,0.05,1.008434029,12.08868676,18.43367987
Re-entrant,596,PLA,foamed elastomer,47.75087883,10,2.5,1.008434029,0.05,1.008434029,12.08868676,18.43367987
Re-entrant,597,PLA,none,47.75087883,10,2.5,1.008434029,0.05,1.008434029,12.08868676,18.43367987
Re-entrant,598,PLA,dense elastomer,16.41966115,10,2.5,1.107676032,0.05,1.107676032,4.082637723,5.65551051
Re-entrant,599,PLA,foamed elastomer,16.41966115,10,2.5,1.107676032,0.05,1.107676032,4.082637723,5.65551051
Re-entrant,600,PLA,none,16.41966115,10,2.5,1.107676032,0.05,1.107676032,4.082637723,5.65551051
Re-entrant,601,PLA,dense elastomer,26.23504679,10,2.5,1.160883084,0.05,1.160883084,11.12520249,7.421919441
Re-entrant,602,PLA,foamed elastomer,26.23504679,10,2.5,1.160883084,0.05,1.160883084,11.12520249,7.421919441
Re-entrant,603,PLA,none,26.23504679,10,2.5,1.160883084,0.05,1.160883084,11.12520249,7.421919441
Re-entrant,604,PLA,dense elastomer,20.63654641,10,2.5,0.695006622,0.05,0.695006622,5.666575603,5.161618981
Re-entrant,605,PLA,foamed elastomer,20.63654641,10,2.5,0.695006622,0.05,0.695006622,5.666575603,5.161618981
Re-entrant,606,PLA,none,20.63654641,10,2.5,0.695006622,0.05,0.695006622,5.666575603,5.161618981
Re-entrant,607,PLA,dense elastomer,32.92508511,10,2.5,0.261938496,0.05,0.261938496,12.44521593,10.55931379
Re-entrant,608,PLA,foamed elastomer,32.92508511,10,2.5,0.261938496,0.05,0.261938496,12.44521593,10.55931379
Re-entrant,609,PLA,none,32.92508511,10,2.5,0.261938496,0.05,0.261938496,12.44521593,10.55931379
Re-entrant,610,PLA,dense elastomer,39.67378758,10,2.5,0.34918669,0.05,0.34918669,6.307070513,7.487497413
Re-entrant,611,PLA,foamed elastomer,39.67378758,10,2.5,0.34918669,0.05,0.34918669,6.307070513,7.487497413
Re-entrant,612,PLA,none,39.67378758,10,2.5,0.34918669,0.05,0.34918669,6.307070513,7.487497413
Re-entrant,613,PLA,dense elastomer,49.043346,10,2.5,0.640277171,0.05,0.640277171,11.31343133,6.322373536
Re-entrant,614,PLA,foamed elastomer,49.043346,10,2.5,0.640277171,0.05,0.640277171,11.31343133,6.322373536
Re-entrant,615,PLA,none,49.043346,10,2.5,0.640277171,0.05,0.640277171,11.31343133,6.322373536
Re-entrant,616,PLA,dense elastomer,19.91630664,10,2.5,1.195024913,0.05,1.195024913,8.061223995,5.135847974
Re-entrant,617,PLA,foamed elastomer,19.91630664,10,2.5,1.195024913,0.05,1.195024913,8.061223995,5.135847974
Re-entrant,618,PLA,none,19.91630664,10,2.5,1.195024913,0.05,1.195024913,8.061223995,5.135847974
Re-entrant,619,PLA,dense elastomer,25.41731538,10,2.5,0.543836378,0.05,0.543836378,9.777409119,4.055257539
Re-entrant,620,PLA,foamed elastomer,25.41731538,10,2.5,0.543836378,0.05,0.543836378,9.777409119,4.055257539
Re-entrant,621,PLA,none,25.41731538,10,2.5,0.543836378,0.05,0.543836378,9.777409119,4.055257539
Re-entrant,622,PLA,dense elastomer,43.42067578,10,2.5,0.557238423,0.05,0.557238423,6.940245083,13.41940992
Re-entrant,623,PLA,foamed elastomer,43.42067578,10,2.5,0.557238423,0.05,0.557238423,6.940245083,13.41940992
Re-entrant,624,PLA,none,43.42067578,10,2.5,0.557238423,0.05,0.557238423,6.940245083,13.41940992
Re-entrant,625,PLA,dense elastomer,31.18260595,10,2.5,0.290583824,0.05,0.290583824,12.2095527,7.278940856
Re-entrant,626,PLA,foamed elastomer,31.18260595,10,2.5,0.290583824,0.05,0.290583824,12.2095527,7.278940856
Re-entrant,627,PLA,none,31.18260595,10,2.5,0.290583824,0.05,0.290583824,12.2095527,7.278940856
Re-entrant,628,PLA,dense elastomer,26.50508104,10,2.5,0.5531357,0.05,0.5531357,5.89417362,9.374697531
Re-entrant,629,PLA,foamed elastomer,26.50508104,10,2.5,0.5531357,0.05,0.5531357,5.89417362,9.374697531
Re-entrant,630,PLA,none,26.50508104,10,2.5,0.5531357,0.05,0.5531357,5.89417362,9.374697531
Re-entrant,631,PLA,dense elastomer,25.10435099,10,2.5,0.710722283,0.05,0.710722283,7.226935907,10.42994516
Re-entrant,632,PLA,foamed elastomer,25.10435099,10,2.5,0.710722283,0.05,0.710722283,7.226935907,10.42994516
Re-entrant,633,PLA,none,25.10435099,10,2.5,0.710722283,0.05,0.710722283,7.226935907,10.42994516
Re-entrant,634,PLA,dense elastomer,23.70088446,10,2.5,0.279050524,0.05,0.279050524,4.683846294,5.609942455
Re-entrant,635,PLA,foamed elastomer,23.70088446,10,2.5,0.279050524,0.05,0.279050524,4.683846294,5.609942455
Re-entrant,636,PLA,none,23.70088446,10,2.5,0.279050524,0.05,0.279050524,4.683846294,5.609942455
Re-entrant,637,PLA,dense elastomer,17.84352532,10,2.5,0.512713043,0.05,0.512713043,2.313165,7.205890278
Re-entrant,638,PLA,foamed elastomer,17.84352532,10,2.5,0.512713043,0.05,0.512713043,2.313165,7.205890278
Re-entrant,639,PLA,none,17.84352532,10,2.5,0.512713043,0.05,0.512713043,2.313165,7.205890278
Re-entrant,640,PLA,dense elastomer,29.11301136,10,2.5,1.073000806,0.05,1.073000806,9.635675197,12.03557961
Re-entrant,641,PLA,foamed elastomer,29.11301136,10,2.5,1.073000806,0.05,1.073000806,9.635675197,12.03557961
Re-entrant,642,PLA,none,29.11301136,10,2.5,1.073000806,0.05,1.073000806,9.635675197,12.03557961
Re-entrant,643,PLA,dense elastomer,21.02989962,10,2.5,0.846976489,0.05,0.846976489,2.904398528,8.344899818
Re-entrant,644,PLA,foamed elastomer,21.02989962,10,2.5,0.846976489,0.05,0.846976489,2.904398528,8.344899818
Re-entrant,645,PLA,none,21.02989962,10,2.5,0.846976489,0.05,0.846976489,2.904398528,8.344899818
Re-entrant,646,PLA,dense elastomer,31.69025051,10,2.5,1.11176521,0.05,1.11176521,8.658401132,4.196615628
Re-entrant,647,PLA,foamed elastomer,31.69025051,10,2.5,1.11176521,0.05,1.11176521,8.658401132,4.196615628
Re-entrant,648,PLA,none,31.69025051,10,2.5,1.11176521,0.05,1.11176521,8.658401132,4.196615628
Re-entrant,649,PLA,dense elastomer,33.96007573,10,2.5,0.255873125,0.05,0.255873125,12.67630099,9.917813534
Re-entrant,650,PLA,foamed elastomer,33.96007573,10,2.5,0.255873125,0.05,0.255873125,12.67630099,9.917813534
Re-entrant,651,PLA,none,33.96007573,10,2.5,0.255873125,0.05,0.255873125,12.67630099,9.917813534
Re-entrant,652,PLA,dense elastomer,35.46664829,10,2.5,0.442021273,0.05,0.442021273,14.61968325,10.67598215
Re-entrant,653,PLA,foamed elastomer,35.46664829,10,2.5,0.442021273,0.05,0.442021273,14.61968325,10.67598215
Re-entrant,654,PLA,none,35.46664829,10,2.5,0.442021273,0.05,0.442021273,14.61968325,10.67598215
Re-entrant,655,PLA,dense elastomer,10.63010542,10,2.5,0.570180258,0.05,0.570180258,3.076278633,1.970392784
Re-entrant,656,PLA,foamed elastomer,10.63010542,10,2.5,0.570180258,0.05,0.570180258,3.076278633,1.970392784
Re-entrant,657,PLA,none,10.63010542,10,2.5,0.570180258,0.05,0.570180258,3.076278633,1.970392784
Re-entrant,658,PLA,dense elastomer,35.87970605,10,2.5,0.877048554,0.05,0.877048554,9.962478763,10.94931242
Re-entrant,659,PLA,foamed elastomer,35.87970605,10,2.5,0.877048554,0.05,0.877048554,9.962478763,10.94931242
Re-entrant,660,PLA,none,35.87970605,10,2.5,0.877048554,0.05,0.877048554,9.962478763,10.94931242
Re-entrant,661,PLA,dense elastomer,12.98580389,10,2.5,0.869489017,0.05,0.869489017,3.054120615,3.600713264
Re-entrant,662,PLA,foamed elastomer,12.98580389,10,2.5,0.869489017,0.05,0.869489017,3.054120615,3.600713264
Re-entrant,663,PLA,none,12.98580389,10,2.5,0.869489017,0.05,0.869489017,3.054120615,3.600713264
Re-entrant,664,PLA,dense elastomer,41.47281929,10,2.5,0.459821782,0.05,0.459821782,9.462333956,17.3212349
Re-entrant,665,PLA,foamed elastomer,41.47281929,10,2.5,0.459821782,0.05,0.459821782,9.462333956,17.3212349
Re-entrant,666,PLA,none,41.47281929,10,2.5,0.459821782,0.05,0.459821782,9.462333956,17.3212349
Re-entrant,667,PLA,dense elastomer,17.29794441,10,2.5,0.325629791,0.05,0.325629791,2.34611234,3.364575962
Re-entrant,668,PLA,foamed elastomer,17.29794441,10,2.5,0.325629791,0.05,0.325629791,2.34611234,3.364575962
Re-entrant,669,PLA,none,17.29794441,10,2.5,0.325629791,0.05,0.325629791,2.34611234,3.364575962
Re-entrant,670,PLA,dense elastomer,18.43382073,10,2.5,1.20792164,0.05,1.20792164,6.236014225,4.776223998
Re-entrant,671,PLA,foamed elastomer,18.43382073,10,2.5,1.20792164,0.05,1.20792164,6.236014225,4.776223998
Re-entrant,672,PLA,none,18.43382073,10,2.5,1.20792164,0.05,1.20792164,6.236014225,4.776223998
Re-entrant,673,PLA,dense elastomer,37.22356492,10,2.5,1.040528248,0.05,1.040528248,7.096899003,10.93025902
Re-entrant,674,PLA,foamed elastomer,37.22356492,10,2.5,1.040528248,0.05,1.040528248,7.096899003,10.93025902
Re-entrant,675,PLA,none,37.22356492,10,2.5,1.040528248,0.05,1.040528248,7.096899003,10.93025902
Re-entrant,676,PLA,dense elastomer,30.47845692,10,2.5,0.965083993,0.05,0.965083993,10.25763865,11.63863773
Re-entrant,677,PLA,foamed elastomer,30.47845692,10,2.5,0.965083993,0.05,0.965083993,10.25763865,11.63863773
Re-entrant,678,PLA,none,30.47845692,10,2.5,0.965083993,0.05,0.965083993,10.25763865,11.63863773
Re-entrant,679,PLA,dense elastomer,11.19849392,10,2.5,1.24899773,0.05,1.24899773,3.499649877,3.046209769
Re-entrant,680,PLA,foamed elastomer,11.19849392,10,2.5,1.24899773,0.05,1.24899773,3.499649877,3.046209769
Re-entrant,681,PLA,none,11.19849392,10,2.5,1.24899773,0.05,1.24899773,3.499649877,3.046209769
Re-entrant,682,PLA,dense elastomer,19.75627115,10,2.5,0.330976694,0.05,0.330976694,3.331329377,4.07542814
Re-entrant,683,PLA,foamed elastomer,19.75627115,10,2.5,0.330976694,0.05,0.330976694,3.331329377,4.07542814
Re-entrant,684,PLA,none,19.75627115,10,2.5,0.330976694,0.05,0.330976694,3.331329377,4.07542814
Re-entrant,685,PLA,dense elastomer,35.1413525,10,2.5,0.960055157,0.05,0.960055157,12.00757365,5.595985358
Re-entrant,686,PLA,foamed elastomer,35.1413525,10,2.5,0.960055157,0.05,0.960055157,12.00757365,5.595985358
Re-entrant,687,PLA,none,35.1413525,10,2.5,0.960055157,0.05,0.960055157,12.00757365,5.595985358
Re-entrant,688,PLA,dense elastomer,13.55254271,10,2.5,1.228821312,0.05,1.228821312,4.061201135,5.755408609
Re-entrant,689,PLA,foamed elastomer,13.55254271,10,2.5,1.228821312,0.05,1.228821312,4.061201135,5.755408609
Re-entrant,690,PLA,none,13.55254271,10,2.5,1.228821312,0.05,1.228821312,4.061201135,5.755408609
Re-entrant,691,PLA,dense elastomer,38.33754753,10,2.5,0.789425957,0.05,0.789425957,13.37867649,5.452138742
Re-entrant,692,PLA,foamed elastomer,38.33754753,10,2.5,0.789425957,0.05,0.789425957,13.37867649,5.452138742
Re-entrant,693,PLA,none,38.33754753,10,2.5,0.789425957,0.05,0.789425957,13.37867649,5.452138742
Re-entrant,694,PLA,dense elastomer,43.682757,10,2.5,1.000055675,0.05,1.000055675,10.04259541,16.55478473
Re-entrant,695,PLA,foamed elastomer,43.682757,10,2.5,1.000055675,0.05,1.000055675,10.04259541,16.55478473
Re-entrant,696,PLA,none,43.682757,10,2.5,1.000055675,0.05,1.000055675,10.04259541,16.55478473
Re-entrant,697,PLA,dense elastomer,39.30867847,10,2.5,0.310945927,0.05,0.310945927,10.1447393,10.30694272
Re-entrant,698,PLA,foamed elastomer,39.30867847,10,2.5,0.310945927,0.05,0.310945927,10.1447393,10.30694272
Re-entrant,699,PLA,none,39.30867847,10,2.5,0.310945927,0.05,0.310945927,10.1447393,10.30694272
Re-entrant,700,PLA,dense elastomer,25.68396182,10,2.5,0.360177512,0.05,0.360177512,6.352839469,5.167984649
Re-entrant,701,PLA,foamed elastomer,25.68396182,10,2.5,0.360177512,0.05,0.360177512,6.352839469,5.167984649
Re-entrant,702,PLA,none,25.68396182,10,2.5,0.360177512,0.05,0.360177512,6.352839469,5.167984649
Re-entrant,703,PLA,dense elastomer,13.05403392,10,2.5,0.621470136,0.05,0.621470136,3.329428371,3.194020644
Re-entrant,704,PLA,foamed elastomer,13.05403392,10,2.5,0.621470136,0.05,0.621470136,3.329428371,3.194020644
Re-entrant,705,PLA,none,13.05403392,10,2.5,0.621470136,0.05,0.621470136,3.329428371,3.194020644
Re-entrant,706,PLA,dense elastomer,47.24487038,10,2.5,0.883413605,0.05,0.883413605,15.77090797,6.29947206
Re-entrant,707,PLA,foamed elastomer,47.24487038,10,2.5,0.883413605,0.05,0.883413605,15.77090797,6.29947206
Re-entrant,708,PLA,none,47.24487038,10,2.5,0.883413605,0.05,0.883413605,15.77090797,6.29947206
Re-entrant,709,PLA,dense elastomer,24.81397573,10,2.5,0.505114027,0.05,0.505114027,7.991910607,8.828813014
Re-entrant,710,PLA,foamed elastomer,24.81397573,10,2.5,0.505114027,0.05,0.505114027,7.991910607,8.828813014
Re-entrant,711,PLA,none,24.81397573,10,2.5,0.505114027,0.05,0.505114027,7.991910607,8.828813014
Re-entrant,712,PLA,dense elastomer,32.14191737,10,2.5,0.943365399,0.05,0.943365399,6.614372155,6.311594592
Re-entrant,713,PLA,foamed elastomer,32.14191737,10,2.5,0.943365399,0.05,0.943365399,6.614372155,6.311594592
Re-entrant,714,PLA,none,32.14191737,10,2.5,0.943365399,0.05,0.943365399,6.614372155,6.311594592
Re-entrant,715,PLA,dense elastomer,42.46730255,10,2.5,0.26748287,0.05,0.26748287,7.73804304,8.842963096
Re-entrant,716,PLA,foamed elastomer,42.46730255,10,2.5,0.26748287,0.05,0.26748287,7.73804304,8.842963096
Re-entrant,717,PLA,none,42.46730255,10,2.5,0.26748287,0.05,0.26748287,7.73804304,8.842963096
Re-entrant,718,PLA,dense elastomer,45.59409079,10,2.5,0.427064403,0.05,0.427064403,8.887022465,15.11088575
Re-entrant,719,PLA,foamed elastomer,45.59409079,10,2.5,0.427064403,0.05,0.427064403,8.887022465,15.11088575
Re-entrant,720,PLA,none,45.59409079,10,2.5,0.427064403,0.05,0.427064403,8.887022465,15.11088575
Re-entrant,721,PLA,dense elastomer,30.93108999,10,2.5,0.597346289,0.05,0.597346289,6.78904947,7.861516197
Re-entrant,722,PLA,foamed elastomer,30.93108999,10,2.5,0.597346289,0.05,0.597346289,6.78904947,7.861516197
Re-entrant,723,PLA,none,30.93108999,10,2.5,0.597346289,0.05,0.597346289,6.78904947,7.861516197
Re-entrant,724,PLA,dense elastomer,24.08923961,10,2.5,0.738751713,0.05,0.738751713,3.743439537,6.11626821
Re-entrant,725,PLA,foamed elastomer,24.08923961,10,2.5,0.738751713,0.05,0.738751713,3.743439537,6.11626821
Re-entrant,726,PLA,none,24.08923961,10,2.5,0.738751713,0.05,0.738751713,3.743439537,6.11626821
Re-entrant,727,PLA,dense elastomer,43.36551003,10,2.5,0.368975223,0.05,0.368975223,12.41287134,16.86758807
Re-entrant,728,PLA,foamed elastomer,43.36551003,10,2.5,0.368975223,0.05,0.368975223,12.41287134,16.86758807
Re-entrant,729,PLA,none,43.36551003,10,2.5,0.368975223,0.05,0.368975223,12.41287134,16.86758807
Re-entrant,730,PLA,dense elastomer,16.33052005,10,2.5,0.63149145,0.05,0.63149145,4.588935731,5.077927549
Re-entrant,731,PLA,foamed elastomer,16.33052005,10,2.5,0.63149145,0.05,0.63149145,4.588935731,5.077927549
Re-entrant,732,PLA,none,16.33052005,10,2.5,0.63149145,0.05,0.63149145,4.588935731,5.077927549
Re-entrant,733,PLA,dense elastomer,38.15648905,10,2.5,0.472891936,0.05,0.472891936,7.628355536,14.41106413
Re-entrant,734,PLA,foamed elastomer,38.15648905,10,2.5,0.472891936,0.05,0.472891936,7.628355536,14.41106413
Re-entrant,735,PLA,none,38.15648905,10,2.5,0.472891936,0.05,0.472891936,7.628355536,14.41106413
Re-entrant,736,PLA,dense elastomer,42.06245786,10,2.5,0.454430948,0.05,0.454430948,7.752932299,13.64823413
Re-entrant,737,PLA,foamed elastomer,42.06245786,10,2.5,0.454430948,0.05,0.454430948,7.752932299,13.64823413
Re-entrant,738,PLA,none,42.06245786,10,2.5,0.454430948,0.05,0.454430948,7.752932299,13.64823413
Re-entrant,739,PLA,dense elastomer,34.63277333,10,2.5,0.976801089,0.05,0.976801089,5.976499074,13.01798023
Re-entrant,740,PLA,foamed elastomer,34.63277333,10,2.5,0.976801089,0.05,0.976801089,5.976499074,13.01798023
Re-entrant,741,PLA,none,34.63277333,10,2.5,0.976801089,0.05,0.976801089,5.976499074,13.01798023
Re-entrant,742,PLA,dense elastomer,38.58117942,10,2.5,0.475640822,0.05,0.475640822,10.25662095,11.38483242
Re-entrant,743,PLA,foamed elastomer,38.58117942,10,2.5,0.475640822,0.05,0.475640822,10.25662095,11.38483242
Re-entrant,744,PLA,none,38.58117942,10,2.5,0.475640822,0.05,0.475640822,10.25662095,11.38483242
Re-entrant,745,PLA,dense elastomer,17.05927471,10,2.5,0.305063734,0.05,0.305063734,4.281900759,2.761143317
Re-entrant,746,PLA,foamed elastomer,17.05927471,10,2.5,0.305063734,0.05,0.305063734,4.281900759,2.761143317
Re-entrant,747,PLA,none,17.05927471,10,2.5,0.305063734,0.05,0.305063734,4.281900759,2.761143317
Re-entrant,748,PLA,dense elastomer,43.15628625,10,2.5,0.358343679,0.05,0.358343679,11.66977844,16.42898462
Re-entrant,749,PLA,foamed elastomer,43.15628625,10,2.5,0.358343679,0.05,0.358343679,11.66977844,16.42898462
Re-entrant,750,PLA,none,43.15628625,10,2.5,0.358343679,0.05,0.358343679,11.66977844,16.42898462
Re-entrant,751,PLA,dense elastomer,28.08112356,10,2.5,0.728182889,0.05,0.728182889,4.714521173,11.2205525
Re-entrant,752,PLA,foamed elastomer,28.08112356,10,2.5,0.728182889,0.05,0.728182889,4.714521173,11.2205525
Re-entrant,753,PLA,none,28.08112356,10,2.5,0.728182889,0.05,0.728182889,4.714521173,11.2205525
Re-entrant,754,PLA,dense elastomer,41.63013388,10,2.5,0.43178879,0.05,0.43178879,6.296064018,11.11366316
Re-entrant,755,PLA,foamed elastomer,41.63013388,10,2.5,0.43178879,0.05,0.43178879,6.296064018,11.11366316
Re-entrant,756,PLA,none,41.63013388,10,2.5,0.43178879,0.05,0.43178879,6.296064018,11.11366316
Re-entrant,757,PLA,dense elastomer,11.46909528,10,2.5,1.068653377,0.05,1.068653377,3.686731552,4.106723746
Re-entrant,758,PLA,foamed elastomer,11.46909528,10,2.5,1.068653377,0.05,1.068653377,3.686731552,4.106723746
Re-entrant,759,PLA,none,11.46909528,10,2.5,1.068653377,0.05,1.068653377,3.686731552,4.106723746
Re-entrant,760,PLA,dense elastomer,38.67791507,10,2.5,0.931187002,0.05,0.931187002,5.714961924,6.372176299
Re-entrant,761,PLA,foamed elastomer,38.67791507,10,2.5,0.931187002,0.05,0.931187002,5.714961924,6.372176299
Re-entrant,762,PLA,none,38.67791507,10,2.5,0.931187002,0.05,0.931187002,5.714961924,6.372176299
Re-entrant,763,PLA,dense elastomer,49.57136615,10,2.5,1.223459991,0.05,1.223459991,7.456373902,17.3828051
Re-entrant,764,PLA,foamed elastomer,49.57136615,10,2.5,1.223459991,0.05,1.223459991,7.456373902,17.3828051
Re-entrant,765,PLA,none,49.57136615,10,2.5,1.223459991,0.05,1.223459991,7.456373902,17.3828051
Re-entrant,766,PLA,dense elastomer,36.00051517,10,2.5,0.486978614,0.05,0.486978614,14.69119795,12.25160096
Re-entrant,767,PLA,foamed elastomer,36.00051517,10,2.5,0.486978614,0.05,0.486978614,14.69119795,12.25160096
Re-entrant,768,PLA,none,36.00051517,10,2.5,0.486978614,0.05,0.486978614,14.69119795,12.25160096
Re-entrant,769,PLA,dense elastomer,46.46834938,10,2.5,1.099217981,0.05,1.099217981,19.02145832,16.98776578
Re-entrant,770,PLA,foamed elastomer,46.46834938,10,2.5,1.099217981,0.05,1.099217981,19.02145832,16.98776578
Re-entrant,771,PLA,none,46.46834938,10,2.5,1.099217981,0.05,1.099217981,19.02145832,16.98776578
Re-entrant,772,PLA,dense elastomer,29.64805129,10,2.5,0.564776852,0.05,0.564776852,11.88271683,8.048298478
Re-entrant,773,PLA,foamed elastomer,29.64805129,10,2.5,0.564776852,0.05,0.564776852,11.88271683,8.048298478
Re-entrant,774,PLA,none,29.64805129,10,2.5,0.564776852,0.05,0.564776852,11.88271683,8.048298478
Re-entrant,775,PLA,dense elastomer,19.07197107,10,2.5,1.037584619,0.05,1.037584619,5.620328531,4.896998198
Re-entrant,776,PLA,foamed elastomer,19.07197107,10,2.5,1.037584619,0.05,1.037584619,5.620328531,4.896998198
Re-entrant,777,PLA,none,19.07197107,10,2.5,1.037584619,0.05,1.037584619,5.620328531,4.896998198
Re-entrant,778,PLA,dense elastomer,39.0193892,10,2.5,0.518528674,0.05,0.518528674,13.7582533,15.82585029
Re-entrant,779,PLA,foamed elastomer,39.0193892,10,2.5,0.518528674,0.05,0.518528674,13.7582533,15.82585029
Re-entrant,780,PLA,none,39.0193892,10,2.5,0.518528674,0.05,0.518528674,13.7582533,15.82585029
Re-entrant,781,PLA,dense elastomer,40.55250405,10,2.5,0.719663464,0.05,0.719663464,15.17683417,9.967112082
Re-entrant,782,PLA,foamed elastomer,40.55250405,10,2.5,0.719663464,0.05,0.719663464,15.17683417,9.967112082
Re-entrant,783,PLA,none,40.55250405,10,2.5,0.719663464,0.05,0.719663464,15.17683417,9.967112082
Re-entrant,784,PLA,dense elastomer,30.05008567,10,2.5,0.600249965,0.05,0.600249965,5.817761243,7.288434131
Re-entrant,785,PLA,foamed elastomer,30.05008567,10,2.5,0.600249965,0.05,0.600249965,5.817761243,7.288434131
Re-entrant,786,PLA,none,30.05008567,10,2.5,0.600249965,0.05,0.600249965,5.817761243,7.288434131
Re-entrant,787,PLA,dense elastomer,10.99425205,10,2.5,1.132216876,0.05,1.132216876,2.743931897,1.729038961
Re-entrant,788,PLA,foamed elastomer,10.99425205,10,2.5,1.132216876,0.05,1.132216876,2.743931897,1.729038961
Re-entrant,789,PLA,none,10.99425205,10,2.5,1.132216876,0.05,1.132216876,2.743931897,1.729038961
Re-entrant,790,PLA,dense elastomer,41.30951648,10,2.5,0.763002551,0.05,0.763002551,13.37513368,14.76334359
Re-entrant,791,PLA,foamed elastomer,41.30951648,10,2.5,0.763002551,0.05,0.763002551,13.37513368,14.76334359
Re-entrant,792,PLA,none,41.30951648,10,2.5,0.763002551,0.05,0.763002551,13.37513368,14.76334359
Re-entrant,793,PLA,dense elastomer,29.23511594,10,2.5,0.424515197,0.05,0.424515197,12.36883156,9.873618258
Re-entrant,794,PLA,foamed elastomer,29.23511594,10,2.5,0.424515197,0.05,0.424515197,12.36883156,9.873618258
Re-entrant,795,PLA,none,29.23511594,10,2.5,0.424515197,0.05,0.424515197,12.36883156,9.873618258
Re-entrant,796,PLA,dense elastomer,49.88052684,10,2.5,0.952578073,0.05,0.952578073,14.85938683,16.31893915
Re-entrant,797,PLA,foamed elastomer,49.88052684,10,2.5,0.952578073,0.05,0.952578073,14.85938683,16.31893915
Re-entrant,798,PLA,none,49.88052684,10,2.5,0.952578073,0.05,0.952578073,14.85938683,16.31893915
Re-entrant,799,PLA,dense elastomer,47.55667697,10,2.5,0.776929292,0.05,0.776929292,10.21391805,8.482586377
Re-entrant,800,PLA,foamed elastomer,47.55667697,10,2.5,0.776929292,0.05,0.776929292,10.21391805,8.482586377
Re-entrant,801,PLA,none,47.55667697,10,2.5,0.776929292,0.05,0.776929292,10.21391805,8.482586377
Re-entrant,802,PLA,dense elastomer,17.42503721,10,2.5,0.588707995,0.05,0.588707995,3.698703724,5.422482685
Re-entrant,803,PLA,foamed elastomer,17.42503721,10,2.5,0.588707995,0.05,0.588707995,3.698703724,5.422482685
Re-entrant,804,PLA,none,17.42503721,10,2.5,0.588707995,0.05,0.588707995,3.698703724,5.422482685
Re-entrant,805,PLA,dense elastomer,40.17615228,10,2.5,0.900219467,0.05,0.900219467,9.500105867,9.653777862
Re-entrant,806,PLA,foamed elastomer,40.17615228,10,2.5,0.900219467,0.05,0.900219467,9.500105867,9.653777862
Re-entrant,807,PLA,none,40.17615228,10,2.5,0.900219467,0.05,0.900219467,9.500105867,9.653777862
Re-entrant,808,PLA,dense elastomer,20.95154615,10,2.5,1.010402114,0.05,1.010402114,4.363773222,7.697759045
Re-entrant,809,PLA,foamed elastomer,20.95154615,10,2.5,1.010402114,0.05,1.010402114,4.363773222,7.697759045
Re-entrant,810,PLA,none,20.95154615,10,2.5,1.010402114,0.05,1.010402114,4.363773222,7.697759045
Re-entrant,811,PLA,dense elastomer,45.67652396,10,2.5,1.200258448,0.05,1.200258448,18.5490735,7.929740199
Re-entrant,812,PLA,foamed elastomer,45.67652396,10,2.5,1.200258448,0.05,1.200258448,18.5490735,7.929740199
Re-entrant,813,PLA,none,45.67652396,10,2.5,1.200258448,0.05,1.200258448,18.5490735,7.929740199
Re-entrant,814,PLA,dense elastomer,24.45190865,10,2.5,0.408641224,0.05,0.408641224,9.533623325,9.837457697
Re-entrant,815,PLA,foamed elastomer,24.45190865,10,2.5,0.408641224,0.05,0.408641224,9.533623325,9.837457697
Re-entrant,816,PLA,none,24.45190865,10,2.5,0.408641224,0.05,0.408641224,9.533623325,9.837457697
Re-entrant,817,PLA,dense elastomer,46.37785952,10,2.5,0.532221678,0.05,0.532221678,11.3722272,9.431401091
Re-entrant,818,PLA,foamed elastomer,46.37785952,10,2.5,0.532221678,0.05,0.532221678,11.3722272,9.431401091
Re-entrant,819,PLA,none,46.37785952,10,2.5,0.532221678,0.05,0.532221678,11.3722272,9.431401091
Re-entrant,820,PLA,dense elastomer,46.81792979,10,2.5,0.583773949,0.05,0.583773949,8.485880651,15.21658664
Re-entrant,821,PLA,foamed elastomer,46.81792979,10,2.5,0.583773949,0.05,0.583773949,8.485880651,15.21658664
Re-entrant,822,PLA,none,46.81792979,10,2.5,0.583773949,0.05,0.583773949,8.485880651,15.21658664
Re-entrant,823,PLA,dense elastomer,35.73974202,10,2.5,0.399297411,0.05,0.399297411,7.960774233,12.42807071
Re-entrant,824,PLA,foamed elastomer,35.73974202,10,2.5,0.399297411,0.05,0.399297411,7.960774233,12.42807071
Re-entrant,825,PLA,none,35.73974202,10,2.5,0.399297411,0.05,0.399297411,7.960774233,12.42807071
Re-entrant,826,PLA,dense elastomer,28.65631737,10,2.5,0.746281732,0.05,0.746281732,6.97128766,4.398737915
Re-entrant,827,PLA,foamed elastomer,28.65631737,10,2.5,0.746281732,0.05,0.746281732,6.97128766,4.398737915
Re-entrant,828,PLA,none,28.65631737,10,2.5,0.746281732,0.05,0.746281732,6.97128766,4.398737915
Re-entrant,829,PLA,dense elastomer,23.93155434,10,2.5,1.077619305,0.05,1.077619305,8.739976914,3.015253293
Re-entrant,830,PLA,foamed elastomer,23.93155434,10,2.5,1.077619305,0.05,1.077619305,8.739976914,3.015253293
Re-entrant,831,PLA,none,23.93155434,10,2.5,1.077619305,0.05,1.077619305,8.739976914,3.015253293
Re-entrant,832,PLA,dense elastomer,22.97840278,10,2.5,0.840576902,0.05,0.840576902,2.923687304,7.25674256
Re-entrant,833,PLA,foamed elastomer,22.97840278,10,2.5,0.840576902,0.05,0.840576902,2.923687304,7.25674256
Re-entrant,834,PLA,none,22.97840278,10,2.5,0.840576902,0.05,0.840576902,2.923687304,7.25674256
Re-entrant,835,PLA,dense elastomer,42.77869717,10,2.5,1.244682655,0.05,1.244682655,10.01985379,14.82373698
Re-entrant,836,PLA,foamed elastomer,42.77869717,10,2.5,1.244682655,0.05,1.244682655,10.01985379,14.82373698
Re-entrant,837,PLA,none,42.77869717,10,2.5,1.244682655,0.05,1.244682655,10.01985379,14.82373698
Re-entrant,838,PLA,dense elastomer,11.79973845,10,2.5,0.980347795,0.05,0.980347795,2.846304147,2.524442813
Re-entrant,839,PLA,foamed elastomer,11.79973845,10,2.5,0.980347795,0.05,0.980347795,2.846304147,2.524442813
Re-entrant,840,PLA,none,11.79973845,10,2.5,0.980347795,0.05,0.980347795,2.846304147,2.524442813
Re-entrant,841,PLA,dense elastomer,47.90279609,10,2.5,0.873006918,0.05,0.873006918,19.91056384,18.3656928
Re-entrant,842,PLA,foamed elastomer,47.90279609,10,2.5,0.873006918,0.05,0.873006918,19.91056384,18.3656928
Re-entrant,843,PLA,none,47.90279609,10,2.5,0.873006918,0.05,0.873006918,19.91056384,18.3656928
Re-entrant,1001,PLA,foamed elastomer,30,10,2.5,4.5,0.05,4.5,12.75,12.75
Re-entrant,1002,PLA,foamed elastomer,30,10,2.5,6.5,0.05,6.5,12.75,12.75
Re-entrant,1003,PLA,foamed elastomer,30,10,2.5,2.5,0.05,2.5,12.75,12.75
Re-entrant,1004,PLA,foamed elastomer,30,10,2.5,5,0.05,5,12.75,12.75
